model,bootstrap_iter,c_index_td,brier_h10,brier_h20,brier_h30,ibs
Cox Comparable (Tuned),1,0.6513276835693491,0.10293721939125262,0.14100798690191965,0.16246435510497784,0.11887832778445402
Cox Comparable (Tuned),2,0.6523143592616176,0.10471608597264805,0.1402225237059333,0.16328811220301828,0.11980508543606279
Cox Comparable (Tuned),3,0.6517816630390425,0.10355880977840523,0.1388914988417006,0.16352543693275035,0.11940574524725066
Cox Comparable (Tuned),4,0.6541238998075674,0.1035457784602277,0.1400194029760671,0.1646237102008135,0.11993844375242323
Cox Comparable (Tuned),5,0.6598294374909789,0.10246078032881101,0.13914912146523772,0.16374140398977183,0.1190983488793568
Cox Comparable (Tuned),6,0.6582373251480369,0.10048904311992897,0.13700388748636763,0.16143803204021187,0.11723240691595724
Cox Comparable (Tuned),7,0.645280975548699,0.09931917622463858,0.13711484537010876,0.16355577195923943,0.11644796402125826
Cox Comparable (Tuned),8,0.6486217090389852,0.10123022782395107,0.1390484370317548,0.1634642532855052,0.11793269101294047
Cox Comparable (Tuned),9,0.6464582297009172,0.1008861463421979,0.13617215182922804,0.16132285191503606,0.1166866448377531
Cox Comparable (Tuned),10,0.6601735127049867,0.10091113827065312,0.13639613351641486,0.16252825695601666,0.11779003348423897
Cox Comparable (Tuned),11,0.6596271620569603,0.10043444296506703,0.13553610991635104,0.15980226017907073,0.11577681688892968
Cox Comparable (Tuned),12,0.6532196961146508,0.10180586043199413,0.13862473146018067,0.16230972643688263,0.11808073577507933
Cox Comparable (Tuned),13,0.6527908100805225,0.10546697601157824,0.14010184473837292,0.16445792781786153,0.12049151533983665
Cox Comparable (Tuned),14,0.6611678974699522,0.10146975226632209,0.13515768199533099,0.15950630204221342,0.11703047425015288
Cox Comparable (Tuned),15,0.659148957492668,0.10646056430063831,0.13992924941598275,0.1639385985043178,0.12100067272823035
Cox Comparable (Tuned),16,0.6475342154707963,0.10258132918998479,0.13879134532925083,0.16313800312111204,0.11873942272690965
Cox Comparable (Tuned),17,0.6515075968484101,0.09946901137503486,0.13807310720604513,0.16139765400831385,0.11655476905959287
Cox Comparable (Tuned),18,0.6449304205853581,0.09818116148322331,0.13449469503716246,0.1610045869887707,0.11543086560275065
Cox Comparable (Tuned),19,0.6548808177787806,0.10248941781521419,0.13788525490038203,0.16078664222272374,0.1182713537760886
Cox Comparable (Tuned),20,0.6512937949947858,0.09853735133457837,0.1354217524026861,0.15994413401542976,0.11558183350021066
Cox Comparable (Tuned),21,0.6553558740256756,0.09995545504548092,0.13524742593311784,0.1604377208266145,0.11621484077172421
Cox Comparable (Tuned),22,0.6508667619874966,0.09956735290663038,0.13559657471333453,0.1610451557967775,0.11563729286365727
Cox Comparable (Tuned),23,0.6523818884773108,0.10067441765518341,0.13717501410675714,0.16153082761705312,0.11703418775507592
Cox Comparable (Tuned),24,0.6513444934066512,0.09836127730493338,0.1344937358640742,0.1592070203722483,0.11489571569974258
Cox Comparable (Tuned),25,0.6470360972024852,0.10283910777379132,0.13898377404713663,0.16437274486438985,0.11837546725267369
Cox Comparable (Tuned),26,0.6555489506678259,0.10442489359061317,0.1392942932093717,0.16442180855249147,0.12056435835723613
Cox Comparable (Tuned),27,0.6493265789883962,0.10423256190925084,0.1390920810994984,0.16469738190918626,0.11953607442088018
Cox Comparable (Tuned),28,0.6432141646430601,0.09714580018775888,0.13490130350990942,0.15999870097192928,0.11408526404403263
Cox Comparable (Tuned),29,0.6580845263548897,0.10361173314647551,0.14102526313396385,0.1615842443689809,0.12005716496888687
Cox Comparable (Tuned),30,0.6527433186547306,0.09821827892503197,0.13420407253844052,0.15986658671998255,0.11462555079958248
Cox Comparable (Tuned),31,0.6523387825154069,0.10318443407668733,0.14005619745986048,0.16348192368872652,0.11951471005299251
Cox Comparable (Tuned),32,0.6508368653229574,0.10406406854846766,0.14085406969967118,0.1630700755857457,0.11997266724425384
Cox Comparable (Tuned),33,0.6520631271977663,0.09934226563511113,0.1367043754299194,0.16246574156934146,0.1167484423368623
Cox Comparable (Tuned),34,0.6525633237171591,0.10276487450483919,0.13648856014944044,0.16139457080739292,0.11780840921155471
Cox Comparable (Tuned),35,0.6586220510274193,0.10248607198950109,0.1392712432314183,0.16317366185524995,0.11930166937611873
Cox Comparable (Tuned),36,0.6589792070499163,0.09884587867429863,0.13531965830041812,0.16262599605245995,0.11586326382234378
Cox Comparable (Tuned),37,0.6583056897511949,0.10209464426335231,0.1379139494469436,0.16195382763761618,0.11830679653826742
Cox Comparable (Tuned),38,0.6582757152888262,0.10537838291504775,0.14007359428116106,0.16395978964540808,0.12085745135600576
Cox Comparable (Tuned),39,0.6418507478547383,0.10385096484175597,0.14311045336114675,0.1664523249302789,0.12076303509289377
Cox Comparable (Tuned),40,0.6453212815736602,0.09860466649057549,0.13375516371546087,0.15743236117314235,0.11453382924295262
Cox Comparable (Tuned),41,0.6479182952785422,0.10342802144248042,0.1408648544333775,0.16557945855074188,0.12010037406337885
Cox Comparable (Tuned),42,0.6377939880439332,0.09795068380972571,0.13704261588250913,0.161696912966775,0.11576045081134972
Cox Comparable (Tuned),43,0.6533067947542432,0.10005806261418618,0.13550097523324145,0.16132483959287924,0.11592451258259504
Cox Comparable (Tuned),44,0.6530961568982732,0.10285385975379274,0.1378877157623201,0.16272596660499633,0.11824982648131015
Cox Comparable (Tuned),45,0.6610627761320391,0.09945182377639002,0.1339082710029864,0.1597508737251296,0.11623871036196814
Cox Comparable (Tuned),46,0.6531595864061773,0.09860619910871497,0.13615902303706123,0.15943845093009024,0.11554784680866953
Cox Comparable (Tuned),47,0.6639389787071683,0.09780635562231929,0.13592285998160603,0.1591932924420358,0.11498496582468797
Cox Comparable (Tuned),48,0.6506595143925417,0.09855837757502577,0.13447215481961078,0.16111596747350382,0.1156538067120156
Cox Comparable (Tuned),49,0.645601653674759,0.10457078855063792,0.1400797489467302,0.16167761253549148,0.11914501188807758
Cox Comparable (Tuned),50,0.6451743774265221,0.09979823240034984,0.13576561146510624,0.16111380698065567,0.11579394886290945
Cox Comparable (Tuned),51,0.6545428833623655,0.1034132412223749,0.14026965989083964,0.16452022487242648,0.11992889071346567
Cox Comparable (Tuned),52,0.6554357551191019,0.1027397925869858,0.13809479201643504,0.16179530463803757,0.1179738829999328
Cox Comparable (Tuned),53,0.6494274574866062,0.09825247351062087,0.13540052422994323,0.16118001437124613,0.11513374067517661
Cox Comparable (Tuned),54,0.6462631874481346,0.09893198397514656,0.1373721861118236,0.16062978158545624,0.11641517863723916
Cox Comparable (Tuned),55,0.6539474770003949,0.09897839316974186,0.1363386290182249,0.1610228264912438,0.11612633070735265
Cox Comparable (Tuned),56,0.6469581969520409,0.10308611028218895,0.14047343911383753,0.1647566874576552,0.1192713363984019
Cox Comparable (Tuned),57,0.6589285861429616,0.10095280836455262,0.13916670985798033,0.1643261477921547,0.11856913600264546
Cox Comparable (Tuned),58,0.6541212795795758,0.10248129284199628,0.14057242115469945,0.1631680347382108,0.11848824344421358
Cox Comparable (Tuned),59,0.667377597429337,0.09780656981829808,0.1347906938903381,0.157749398963886,0.1139259656200971
Cox Comparable (Tuned),60,0.6414677716259645,0.0974388054514268,0.13432146509703097,0.16034336266224872,0.11467566185976678
Cox Comparable (Tuned),61,0.6456887879612022,0.09854147049123278,0.13668530249256455,0.16312071942065892,0.11660055250377521
Cox Comparable (Tuned),62,0.6551238734146242,0.10178221743518526,0.13974133241287598,0.16390466714361931,0.1185571087704642
Cox Comparable (Tuned),63,0.6535237970822345,0.10424052007681592,0.14066570430023384,0.16238870009246825,0.11944446644373262
Cox Comparable (Tuned),64,0.6529135071161204,0.1022880362658776,0.13866139866813806,0.16420515712692055,0.11892755470361645
Cox Comparable (Tuned),65,0.6585183618021646,0.10163789148456348,0.13647289821853273,0.16095874474947502,0.1165580129301713
Cox Comparable (Tuned),66,0.6583950995238691,0.1019183983071486,0.137476792239154,0.16132789613455575,0.11811864535862755
Cox Comparable (Tuned),67,0.6604197578421422,0.10215026469709201,0.13807207721145268,0.16112487768414605,0.11856139724825777
Cox Comparable (Tuned),68,0.650350008084108,0.10140630233867026,0.13871460672957162,0.16122703449122228,0.11759966382484023
Cox Comparable (Tuned),69,0.6574051803129952,0.09959907052668769,0.13832341941594606,0.16153207917883317,0.11730633670716933
Cox Comparable (Tuned),70,0.6451210387708425,0.10147013308510952,0.14079513445844516,0.16622423227384453,0.11906629351576514
Cox Comparable (Tuned),71,0.653934777291613,0.10142733680860092,0.13776082752624336,0.16141388612066246,0.11733970326912867
Cox Comparable (Tuned),72,0.6493703918526559,0.10255683582098782,0.13876449928202939,0.16423735210477827,0.11879224597170168
Cox Comparable (Tuned),73,0.6551913341259942,0.10130772594457409,0.13794784262366072,0.16100279300713144,0.11752156907885349
Cox Comparable (Tuned),74,0.6512950301800009,0.10150037373320445,0.13823709136282333,0.16253082658520643,0.1177533862190413
Cox Comparable (Tuned),75,0.6497952996621275,0.09726069238857525,0.13361982741103248,0.15767722743867044,0.11359707040675514
Cox Comparable (Tuned),76,0.6445923417682557,0.09421807904113152,0.13510763039721307,0.15972794196977894,0.1132897283342752
Cox Comparable (Tuned),77,0.6517447235027879,0.10246572581481322,0.1364321399757791,0.1614134055899224,0.11770878601945133
Cox Comparable (Tuned),78,0.6502989414038944,0.10345954338540167,0.13690903024366302,0.1631779430783034,0.11799718164416459
Cox Comparable (Tuned),79,0.6353311307892364,0.10109744869192205,0.14085351220396058,0.16357346225257458,0.11896465088481147
Cox Comparable (Tuned),80,0.6452151880630776,0.10118620759291215,0.1376595786852416,0.1641857986892521,0.11726137193152845
Cox Comparable (Tuned),81,0.6545480261641555,0.10138565475858786,0.13839125689162907,0.16270222263095205,0.11817806631258349
Cox Comparable (Tuned),82,0.6587127005162099,0.10160751727034548,0.13788586302585218,0.16180797422121648,0.1179131410528624
Cox Comparable (Tuned),83,0.6476464196728766,0.09866381082864178,0.13527992922583643,0.16126501837514415,0.11565289891940159
Cox Comparable (Tuned),84,0.6546921109412989,0.10529601728556835,0.143249328120427,0.16514008968222704,0.12164730397388808
Cox Comparable (Tuned),85,0.6525953344021929,0.10491730907446044,0.1420139355704362,0.16343220531260486,0.1206700776303232
Cox Comparable (Tuned),86,0.6512094296304711,0.09874480144498267,0.13528140639039482,0.1602020138087371,0.11556678868562459
Cox Comparable (Tuned),87,0.648569065328119,0.09846826618792615,0.13377864164818332,0.15758243774033576,0.1144632537638283
Cox Comparable (Tuned),88,0.6503778277713307,0.09890028468579294,0.13407663964630814,0.1594534406158037,0.11543316978634001
Cox Comparable (Tuned),89,0.6464095982334057,0.1025115818223592,0.13974670171511816,0.16548255606117998,0.1190190951179349
Cox Comparable (Tuned),90,0.6515778198388452,0.10017038405377814,0.13892221177630282,0.1607439473042834,0.11716526469831727
Cox Comparable (Tuned),91,0.6522640342365237,0.0990587714117907,0.1363298447573075,0.16100334106101818,0.11600225345899509
Cox Comparable (Tuned),92,0.6544126801618475,0.10058064978302872,0.136706721451894,0.1627513535072859,0.1172209463433949
Cox Comparable (Tuned),93,0.6501327309826187,0.09837335498881443,0.13599572377840696,0.1625323793227304,0.11596754640918114
Cox Comparable (Tuned),94,0.6439117213825332,0.09965904107430607,0.13696253420291407,0.1615362475597384,0.11624446999047723
Cox Comparable (Tuned),95,0.6593417575679439,0.10245888330333534,0.14026801052600796,0.16394227074742543,0.11970871635407188
Cox Comparable (Tuned),96,0.6422130167372501,0.0984576520600552,0.13733753421029446,0.1644270968797812,0.11722197533924927
Cox Comparable (Tuned),97,0.6610527696966363,0.09993610000907682,0.13739247135109084,0.16072333728014815,0.11707793539729303
Cox Comparable (Tuned),98,0.6564555430474265,0.1010083313793729,0.13922557423292858,0.16303539701469041,0.11782092848210046
Cox Comparable (Tuned),99,0.655130793137866,0.10027588462263602,0.13769851854785672,0.1627958166440211,0.11734798454664566
Cox Comparable (Tuned),100,0.6495205734736127,0.10120376855467131,0.13586021207597507,0.16009464605948298,0.11637162255008315
Cox Comparable (Tuned),101,0.649480105273714,0.09983978507161205,0.1377915205411663,0.1637457539824444,0.11744527030168184
Cox Comparable (Tuned),102,0.6481609744143357,0.10011838290067428,0.1380466284468931,0.16195267637314373,0.11658288932235002
Cox Comparable (Tuned),103,0.657496436291517,0.10438008618660126,0.1394113038557538,0.164502337077687,0.11983650449119143
Cox Comparable (Tuned),104,0.6421966672699484,0.10350579533606732,0.14121424322671675,0.16412674680312767,0.1194831695936762
Cox Comparable (Tuned),105,0.6600944257406868,0.1010465935307529,0.1361390877904195,0.1601834445161694,0.11651800092670289
Cox Comparable (Tuned),106,0.6415379021709462,0.10181411459300464,0.1361276571624374,0.16159426527739637,0.11687790754936458
Cox Comparable (Tuned),107,0.6481998828051888,0.09768813187269293,0.13435466696030504,0.15920896948919738,0.11405542302925806
Cox Comparable (Tuned),108,0.6494964559856914,0.10278320339664995,0.13774653589475094,0.16448399443160383,0.11866959299512439
Cox Comparable (Tuned),109,0.6458128619243153,0.10092341539203606,0.13879587731974957,0.16364761432415065,0.11834315094107443
Cox Comparable (Tuned),110,0.6550792108701426,0.10020873181832339,0.13821755357917073,0.16311165021529897,0.11739709716399924
Cox Comparable (Tuned),111,0.6547184184089508,0.10252575351641094,0.14067375698746484,0.1659086551370164,0.12023085431466468
Cox Comparable (Tuned),112,0.6552867905146678,0.099708870842052,0.13507338903202976,0.16020455574378448,0.1157832491367151
Cox Comparable (Tuned),113,0.6572731912260623,0.10159056411492998,0.13750573690971868,0.1627707284112047,0.11785844819090528
Cox Comparable (Tuned),114,0.6511375114241977,0.1029249520805261,0.1375694158644256,0.1634179829055874,0.11860191915496757
Cox Comparable (Tuned),115,0.6639507489679904,0.0990103397233013,0.13389844215213062,0.1552653656230138,0.11376776580539834
Cox Comparable (Tuned),116,0.6510292266833465,0.0993746361826242,0.1347143131574951,0.16046761802205176,0.11502671832051942
Cox Comparable (Tuned),117,0.6555150774298307,0.09902030043352943,0.13530240571392024,0.1601459728950879,0.11592236265125308
Cox Comparable (Tuned),118,0.6528638827420729,0.09952561987975742,0.13516686341264877,0.1589607700879924,0.11489294209403755
Cox Comparable (Tuned),119,0.6484858978798722,0.10207575860671488,0.138410001198602,0.163597918604293,0.11823299458745777
Cox Comparable (Tuned),120,0.6493526586114097,0.10035729087238161,0.13681102851996454,0.15995839865678277,0.11618210870123313
Cox Comparable (Tuned),121,0.6523536699869894,0.10072464669839164,0.1370173781399769,0.16126226821773124,0.11641559286939962
Cox Comparable (Tuned),122,0.6493199497271386,0.10191089556433247,0.1373828770000652,0.16136489681941668,0.11759980149630402
Cox Comparable (Tuned),123,0.6486808337371212,0.10360321548360263,0.13972097302855735,0.1648200767065643,0.11961272416760811
Cox Comparable (Tuned),124,0.6415694877770655,0.10102171746628114,0.13639735896961583,0.16057079729537257,0.11628196182483885
Cox Comparable (Tuned),125,0.6643595852140791,0.0993903991967809,0.13401442249089918,0.15830621101932824,0.11478519352309545
Cox Comparable (Tuned),126,0.6449038027243873,0.09920969091096504,0.1356659621238704,0.16194817016923077,0.11512534775513494
Cox Comparable (Tuned),127,0.6459699360474113,0.1001930021269207,0.13748282099865552,0.16124548945589592,0.11667474419218568
Cox Comparable (Tuned),128,0.6597559417377272,0.10050247356884272,0.13806354653669525,0.15876193456215276,0.11761294221112963
Cox Comparable (Tuned),129,0.6492567851322688,0.1014374360174386,0.1386486973847208,0.16418879178827603,0.11855647525016744
Cox Comparable (Tuned),130,0.6628366846148658,0.10241971937845494,0.13941209508083868,0.16156939531949455,0.11871513601606895
Cox Comparable (Tuned),131,0.6342224303713817,0.0968622203939727,0.13530809965986193,0.16139262141951113,0.11459890229684196
Cox Comparable (Tuned),132,0.6585229357542813,0.09869893661846761,0.13664567516603948,0.16076630279416165,0.11634808287132573
Cox Comparable (Tuned),133,0.6448453608511051,0.09992563998010359,0.14012052986301574,0.16410970848133352,0.11843132363963027
Cox Comparable (Tuned),134,0.6547728054466815,0.10466166636993725,0.14013783237944505,0.16295721123180376,0.11983949092406326
Cox Comparable (Tuned),135,0.6419573838451029,0.09709906435696863,0.13813078288770955,0.1632087116988196,0.1156940923943028
Cox Comparable (Tuned),136,0.6515552591221743,0.10152844718852348,0.13923897695793674,0.16394180094074248,0.11864240591038994
Cox Comparable (Tuned),137,0.6483178842263024,0.10245154309978187,0.139967729975861,0.16450458515556773,0.119093403150799
Cox Comparable (Tuned),138,0.645047976094387,0.10049807479078121,0.13831816446348758,0.164187140642312,0.11726218836775243
Cox Comparable (Tuned),139,0.6578094248063638,0.09892007908186247,0.1366825605786011,0.16000804378746072,0.11557530262985234
Cox Comparable (Tuned),140,0.6465870220069965,0.10135862478926702,0.13892621212281944,0.16387882488800912,0.11809473485861588
Cox Comparable (Tuned),141,0.6572742686348546,0.10426750474540986,0.1420083513362746,0.16749179851895551,0.12152395771826567
Cox Comparable (Tuned),142,0.6526963084870903,0.10025750134378743,0.13687140857098548,0.16195094773431937,0.11684773915625192
Cox Comparable (Tuned),143,0.6532069188707084,0.09986371635419924,0.13791087928866416,0.1611105199019384,0.116927705844971
Cox Comparable (Tuned),144,0.6533827315705547,0.1044562477468996,0.14044332235062337,0.16509320700202432,0.120422189510397
Cox Comparable (Tuned),145,0.6486061637522905,0.10024082297842334,0.13557395383093365,0.15916787750469377,0.11514943114630578
Cox Comparable (Tuned),146,0.6578518747564545,0.10176858325370278,0.14149836882203654,0.16677505674554946,0.11982158697977799
Cox Comparable (Tuned),147,0.6540111938827836,0.10033345106613444,0.13899799962911663,0.1638413207233547,0.11806293443457413
Cox Comparable (Tuned),148,0.6569311787736969,0.1041033866764377,0.13705775922944918,0.15985979701800088,0.11766355489858774
Cox Comparable (Tuned),149,0.6395685853076549,0.0998348333363917,0.139463367832373,0.16410704004404952,0.11818345232862476
Cox Comparable (Tuned),150,0.6494931993868434,0.09926447498714935,0.13731539315115604,0.16390239564230777,0.11765410734221676
Cox Comparable (Tuned),151,0.6482092173620443,0.1017381627968878,0.13850478660306287,0.16241128774873434,0.1175499284387041
Cox Comparable (Tuned),152,0.6540623451960123,0.09982173533799525,0.13475828452608032,0.15996468625247634,0.11592680281834021
Cox Comparable (Tuned),153,0.6541110315943913,0.10396041569231891,0.13757819489003753,0.1620449857719851,0.11876126439671363
Cox Comparable (Tuned),154,0.6460486806355545,0.10128134519118423,0.13877937017423952,0.16381672892803334,0.11849137848079229
Cox Comparable (Tuned),155,0.6478689393245097,0.10292651758996514,0.13978087840731365,0.16555622997848907,0.1193593775421385
Cox Comparable (Tuned),156,0.6573310620900598,0.10381814838172837,0.14061637805933333,0.16365346574956374,0.12028578945081649
Cox Comparable (Tuned),157,0.6527859523612548,0.09964832697739902,0.13808537167252574,0.16083983095723234,0.11725621139690068
Cox Comparable (Tuned),158,0.649419785019061,0.10005312756263547,0.13609080293176165,0.16143284909804118,0.11600403813370105
Cox Comparable (Tuned),159,0.646015901908767,0.10286855405749193,0.1416329960844966,0.16408920794622525,0.12009623364347394
Cox Comparable (Tuned),160,0.6465123852335452,0.10270910154888396,0.13690662985730673,0.16177142538173275,0.11803258685178081
Cox Comparable (Tuned),161,0.6455128313855861,0.1025413629641279,0.13883954993909103,0.1633490081124262,0.11838462289803268
Cox Comparable (Tuned),162,0.6514784142791471,0.09918087268979771,0.13614224947672898,0.16122295777329476,0.11618850522111028
Cox Comparable (Tuned),163,0.6533377502685768,0.10141745643631153,0.1384850932434869,0.16285180023189796,0.11847169053905408
Cox Comparable (Tuned),164,0.6453905099506155,0.09790373500541323,0.1331684283938915,0.15795200842303173,0.11373642491508278
Cox Comparable (Tuned),165,0.6531284870423678,0.0995594232370335,0.1364192375414208,0.1589295962582354,0.11602129993613818
Cox Comparable (Tuned),166,0.6452214730570525,0.10370999601293289,0.13825077534148456,0.16151692491466177,0.11851847584377906
Cox Comparable (Tuned),167,0.6697528233412648,0.10161078642964806,0.1363606093341414,0.16012648304808694,0.11755593343148253
Cox Comparable (Tuned),168,0.6498637414738648,0.09590824201083006,0.13468256726720762,0.16030091069728514,0.1139923474610673
Cox Comparable (Tuned),169,0.6465434347096205,0.10016411835902302,0.13536621172654312,0.16096603324587738,0.11564455533516665
Cox Comparable (Tuned),170,0.6510132353993096,0.09652097288001649,0.13365231770914532,0.15838934090426549,0.11372931338835651
Cox Comparable (Tuned),171,0.6498493463133148,0.0994187509871726,0.13343727779708756,0.15989326496028783,0.11502312456263052
Cox Comparable (Tuned),172,0.6505857220749062,0.10153565329138257,0.14038669616110847,0.1641571484884674,0.11841295679783638
Cox Comparable (Tuned),173,0.6502454605897041,0.10329782305983214,0.14047994367657768,0.1640186850388953,0.11898367430246226
Cox Comparable (Tuned),174,0.6490451756657095,0.09845512342725539,0.13232262884241747,0.1590793170931755,0.11406354067466112
Cox Comparable (Tuned),175,0.6609391239794011,0.10354092445655834,0.139827388200844,0.16293443615439193,0.11953780088480649
Cox Comparable (Tuned),176,0.6543343032083261,0.09981838140408797,0.13753428650140767,0.16168923645128724,0.11700823880410334
Cox Comparable (Tuned),177,0.6492142510550227,0.09952276331630265,0.13731067987859386,0.1616894515077042,0.11627724408701058
Cox Comparable (Tuned),178,0.6484516405836661,0.10069570641667921,0.1375713721159263,0.16340476834478385,0.11753952885373965
Cox Comparable (Tuned),179,0.6520889748154983,0.10062833785187096,0.13646737835123857,0.16062568449533754,0.1169171555549642
Cox Comparable (Tuned),180,0.6388294181357264,0.0964394406122119,0.13571714526482348,0.1624072872405259,0.11494369754226791
Cox Comparable (Tuned),181,0.64392094362081,0.096869969529032,0.13332881378169942,0.15909503749033382,0.11348693108711441
Cox Comparable (Tuned),182,0.6487003647904777,0.10025310121268156,0.1375041535711723,0.16248564753081032,0.11730469299287449
Cox Comparable (Tuned),183,0.6540154278535474,0.10358983694672198,0.13911182788832147,0.16351213418910687,0.1193584849691975
Cox Comparable (Tuned),184,0.6497130483349187,0.10164367705693277,0.1383420411221268,0.16135281572039703,0.11772192507157707
Cox Comparable (Tuned),185,0.6499523865882436,0.10198635640420373,0.1398915749419471,0.16278257599079907,0.11849491545899184
Cox Comparable (Tuned),186,0.645600153006414,0.1015173876636455,0.13956075575325075,0.1634520143007621,0.11826659530364948
Cox Comparable (Tuned),187,0.6587808076053867,0.09844234878092557,0.13231625937122513,0.15768918089894765,0.11418838770829086
Cox Comparable (Tuned),188,0.648384542731673,0.10390724113331182,0.13604347833380628,0.161391445049031,0.11728239050809873
Cox Comparable (Tuned),189,0.6517211380525401,0.09789489918817461,0.13286489038195445,0.1572050534384155,0.11395571102812645
Cox Comparable (Tuned),190,0.6548839612265518,0.10011678485479536,0.13976112399950671,0.16410995888205468,0.11849653739310886
Cox Comparable (Tuned),191,0.6494083011001681,0.1000948513346537,0.13760854952219176,0.1615063727592355,0.11705747158980538
Cox Comparable (Tuned),192,0.6516797160931047,0.10154957324086132,0.138064060401241,0.16165011989213696,0.11764550129079797
Cox Comparable (Tuned),193,0.6633641434075471,0.10205748715917907,0.13814486667492723,0.1613263368790505,0.11794318927959101
Cox Comparable (Tuned),194,0.6499571955885077,0.10162739095082879,0.14001815832915174,0.1634804342745171,0.11877270035670053
Cox Comparable (Tuned),195,0.6416125109721474,0.10016714166871778,0.13669886211088295,0.16278893787881027,0.11669646226277887
Cox Comparable (Tuned),196,0.6455028063211321,0.10012330135296116,0.13542488801343552,0.16150311955922253,0.11616616101121716
Cox Comparable (Tuned),197,0.6509673329371054,0.09966022452275958,0.135025511852471,0.16245127098600137,0.1165926684244463
Cox Comparable (Tuned),198,0.6505374411487446,0.10374613436882923,0.13961868909206038,0.1631529277881156,0.11945278754082553
Cox Comparable (Tuned),199,0.6402497372875122,0.0967739387814783,0.13622425360672727,0.16314188657703765,0.11542220338269124
Cox Comparable (Tuned),200,0.6580203478834263,0.10672730742249152,0.14248256952385394,0.1654196504123175,0.12188674012404789
DeepSurv (Tuned),1,0.6638484924258032,0.09898401652122532,0.13719622524815828,0.16078786848143017,0.11618970347911793
DeepSurv (Tuned),2,0.6556202943076033,0.0992294654106914,0.13608707265520487,0.1618620092706287,0.11594684192687173
DeepSurv (Tuned),3,0.6617886036271932,0.09445820721596868,0.1326974597384741,0.1565952300751835,0.1122529250445423
DeepSurv (Tuned),4,0.6728500326590435,0.10090095408305783,0.13832884959489322,0.15986048040553155,0.11722230293660571
DeepSurv (Tuned),5,0.6567662441822806,0.09716543474155978,0.13281583074715395,0.15943057771809502,0.11404732605250924
DeepSurv (Tuned),6,0.6591270915546485,0.09708274427550977,0.1341423758865176,0.1587751103277038,0.1135817967376009
DeepSurv (Tuned),7,0.6589626817401744,0.10042919048743709,0.13427418200513636,0.15815255474305226,0.11543670933035034
DeepSurv (Tuned),8,0.653511212036095,0.09316781037541698,0.13390147419849882,0.15639747248923963,0.11185211101292955
DeepSurv (Tuned),9,0.6542897185176255,0.09953909237177684,0.13742978313087229,0.16091859444593296,0.11662995494403564
DeepSurv (Tuned),10,0.6570662079103479,0.09949935760560592,0.13713207246934273,0.16393264699623114,0.11742363723606623
DeepSurv (Tuned),11,0.6500522093294739,0.09872025804598945,0.1380680788321129,0.16418909529348188,0.11751616250762095
DeepSurv (Tuned),12,0.6664384861163195,0.09528314971634039,0.13094982948699713,0.15710987465496043,0.1118138975158817
DeepSurv (Tuned),13,0.6604718920329359,0.10186738352150397,0.13732569692234392,0.16172719647682224,0.11768239351543858
DeepSurv (Tuned),14,0.663575514341565,0.09700977357416363,0.13259981901404624,0.15909745383608898,0.11387386463794834
DeepSurv (Tuned),15,0.6656169112635366,0.097779069061618,0.13559313977269047,0.1589119108917757,0.11526371344751729
DeepSurv (Tuned),16,0.6630471888677004,0.09670936131146073,0.1337291305597436,0.158625868832384,0.11404028927540706
DeepSurv (Tuned),17,0.6627792936506368,0.09753037786736309,0.13352157210736076,0.15808239928517923,0.11391285103671903
DeepSurv (Tuned),18,0.6593103367042585,0.09304561013952654,0.13292478791188053,0.1568023216254392,0.11181724052107972
DeepSurv (Tuned),19,0.664774198618724,0.09386335439181197,0.131029853305963,0.15648301160389083,0.11186873279017134
DeepSurv (Tuned),20,0.6652123592518409,0.0962370308259945,0.13290204262906466,0.15618007319254912,0.1127515686362436
DeepSurv (Tuned),21,0.6598013887970893,0.09604091993032998,0.1337441232443043,0.15843141548488499,0.11415008037148985
DeepSurv (Tuned),22,0.6577936323841097,0.09670794788360415,0.1363335918525169,0.16080840225955015,0.11492340064525841
DeepSurv (Tuned),23,0.6579202196084044,0.09696988044802249,0.1333668783310138,0.15725974637784015,0.11378819127630561
DeepSurv (Tuned),24,0.6518503328043975,0.09684828900125726,0.1360350723570645,0.16154284236818203,0.11517612072379614
DeepSurv (Tuned),25,0.650603834902269,0.09734994088916209,0.13786419136433917,0.1619511836707637,0.115509746021518
DeepSurv (Tuned),26,0.6700822501440297,0.09623346412809504,0.13334273900621255,0.1574856956591071,0.11378268532547467
DeepSurv (Tuned),27,0.666855671649941,0.09699601290662888,0.13367027285264926,0.15749526143965017,0.11331980022947179
DeepSurv (Tuned),28,0.6622205839570355,0.097531396674892,0.1330855258418366,0.15689646391930231,0.1135561219189164
DeepSurv (Tuned),29,0.6639938028967289,0.09464034015318404,0.13278691988034064,0.15797564079709311,0.11267386019545196
DeepSurv (Tuned),30,0.6656407450863305,0.09594617925446991,0.13197029945127534,0.15573227706055714,0.1121306058554953
DeepSurv (Tuned),31,0.6491527316723784,0.0976277252159335,0.1341957003507641,0.15904187487792767,0.11458555102758977
DeepSurv (Tuned),32,0.6673712372930379,0.0996220243545565,0.1373954963815413,0.16105227875511655,0.11666635560673065
DeepSurv (Tuned),33,0.6598572177568883,0.09895097232527648,0.13839791615338512,0.16280091527999083,0.11743243675991756
DeepSurv (Tuned),34,0.666971818006899,0.09810372387688236,0.13446288212712793,0.1593927508986262,0.11479377212412288
DeepSurv (Tuned),35,0.6677337711421137,0.0970051394650141,0.13384217371083054,0.1591946702858192,0.11405478848785681
DeepSurv (Tuned),36,0.6576578340540988,0.09748225646338232,0.13399616044067356,0.15749707200892785,0.11382737577397187
DeepSurv (Tuned),37,0.656444584940135,0.09631338064925811,0.13305663837422907,0.15851650380758361,0.11273728794643369
DeepSurv (Tuned),38,0.6655840608185388,0.09650334369814834,0.13090638905886456,0.15723707806142068,0.11239690510866149
DeepSurv (Tuned),39,0.6564990027977086,0.09963413426788752,0.13572274304077145,0.159939802547413,0.11552130625382212
DeepSurv (Tuned),40,0.6624636136225416,0.10050948760506145,0.13416979273460744,0.16134281351042185,0.11560927007501395
DeepSurv (Tuned),41,0.6664242405388705,0.0963671045648928,0.13218206489646162,0.1587201475949272,0.1133852296523077
DeepSurv (Tuned),42,0.6710237584077037,0.09697535556030426,0.1341220834544639,0.15634146308074343,0.11321236743209058
DeepSurv (Tuned),43,0.6647057140057857,0.09853400353876145,0.13529502281771652,0.15977960751147366,0.11570839190968367
DeepSurv (Tuned),44,0.6646789119994302,0.0980115616877082,0.13194481835820435,0.1574255133532055,0.11333467011701649
DeepSurv (Tuned),45,0.6723302024763598,0.10137523276834182,0.1367164030729082,0.15945870253933878,0.11784676361082816
DeepSurv (Tuned),46,0.6520969591905316,0.09711225063850396,0.13600814662856772,0.1619695977410786,0.1148033061342568
DeepSurv (Tuned),47,0.68042962531534,0.09761790912178625,0.13185938683315138,0.1536786500067005,0.11263807126881417
DeepSurv (Tuned),48,0.656252966733025,0.09687359907345668,0.13230366042920913,0.15930722331273578,0.11443376583022372
DeepSurv (Tuned),49,0.6522939555320312,0.09973728439935235,0.13880189285129013,0.16309633669013593,0.11686363757074118
DeepSurv (Tuned),50,0.6670090373682314,0.09826376193349443,0.13325893986192963,0.15772289669579115,0.11373083056834693
DeepSurv (Tuned),51,0.6580373925269531,0.0974978144919233,0.13266763773525797,0.1576834056091193,0.113549873356989
DeepSurv (Tuned),52,0.6666611213349771,0.1019599717504889,0.13583159334028916,0.15935028218696892,0.11639110153359224
DeepSurv (Tuned),53,0.6592860048799302,0.09926587649125815,0.13502747658001732,0.16065934931934994,0.1155383152465335
DeepSurv (Tuned),54,0.6608167694246408,0.0968791908094072,0.13178321669880874,0.15491734894568426,0.11289726554536582
DeepSurv (Tuned),55,0.661663591405735,0.0944765422413751,0.1318934075684818,0.15771102609097296,0.11209268504666285
DeepSurv (Tuned),56,0.6666058091397588,0.09661811266551408,0.1345349565620248,0.1580242911205455,0.1142845912488262
DeepSurv (Tuned),57,0.6632596814160325,0.09775914836269124,0.13433012600659153,0.15763160035304016,0.11471083344852193
DeepSurv (Tuned),58,0.6619278631134758,0.09654358480755901,0.1362294208148031,0.16025964009045165,0.11472483781115947
DeepSurv (Tuned),59,0.6590039236874594,0.09559649455872674,0.13149850009656505,0.15711871679246023,0.11238734377094257
DeepSurv (Tuned),60,0.6508429018673361,0.09723275658470308,0.13488448147799173,0.16250543146630123,0.11475202839586757
DeepSurv (Tuned),61,0.6520382355340285,0.0980612385360631,0.1365298690378134,0.1616423661962822,0.11604633028531211
DeepSurv (Tuned),62,0.6662951773256127,0.09673395762846235,0.13765551374460558,0.15994404735593423,0.11584096701860887
DeepSurv (Tuned),63,0.6598300480443677,0.09538659043465586,0.13553168534164414,0.15987219114503104,0.11388617137167327
DeepSurv (Tuned),64,0.6572406561608848,0.10263285896722855,0.13620632059547683,0.16141171444401736,0.11733182527683737
DeepSurv (Tuned),65,0.6542362142521895,0.09901008153840318,0.13507112930360088,0.15913510513795254,0.11418595955940897
DeepSurv (Tuned),66,0.6639088148291893,0.09857104093404356,0.1372364969518831,0.16056869619670822,0.1161183158390294
DeepSurv (Tuned),67,0.6661895503211466,0.09903062765477919,0.13498327859777107,0.15939288248689587,0.11574617330317949
DeepSurv (Tuned),68,0.6593247967299795,0.10286643279546304,0.13750299282542852,0.1603685442585888,0.11803784181083317
DeepSurv (Tuned),69,0.663105368046432,0.09747014332007167,0.13357162656527038,0.1588235178314928,0.11377691570408692
DeepSurv (Tuned),70,0.6601222715352006,0.09872559598287318,0.13394486745683726,0.1563389039507599,0.11364990045314195
DeepSurv (Tuned),71,0.6577442509109976,0.09724723676726943,0.1336632487284304,0.1589567144098351,0.11399351942863364
DeepSurv (Tuned),72,0.6605195388455114,0.09827079819231821,0.13509761742897528,0.16119728345996967,0.11552198220244848
DeepSurv (Tuned),73,0.6555803346736438,0.0972294606464977,0.13568840180117256,0.1592958124009006,0.11460073722417229
DeepSurv (Tuned),74,0.6654139713422088,0.09702298348883283,0.13305755697673474,0.1565856756810828,0.11371011325421211
DeepSurv (Tuned),75,0.6631925876449156,0.09735109087308742,0.13373706825667797,0.16004184619211348,0.11402415525783606
DeepSurv (Tuned),76,0.6550527478650864,0.09625976015888692,0.13581685797777815,0.1606768937423496,0.11479925576326175
DeepSurv (Tuned),77,0.661692529257705,0.09960932607442477,0.1336377125029659,0.1575831885414858,0.11469919734227062
DeepSurv (Tuned),78,0.669122039900962,0.09701440341622862,0.13186453018969832,0.1553232169646647,0.11311259384782424
DeepSurv (Tuned),79,0.6514604756372537,0.097709731261878,0.13349321026901637,0.16063405674471193,0.11448310255903375
DeepSurv (Tuned),80,0.6566124349868173,0.10282581342210258,0.1416566593164967,0.16488378095343562,0.12024692128295697
DeepSurv (Tuned),81,0.6637421575847363,0.10072173964795653,0.13720100069689542,0.15969347587500138,0.11690325323278637
DeepSurv (Tuned),82,0.661227041141404,0.09352288920568234,0.13207872413588362,0.1558950893899442,0.11194111131414837
DeepSurv (Tuned),83,0.6521837320422746,0.09926982000659576,0.1358133447927205,0.1604139497293437,0.11547148380160915
DeepSurv (Tuned),84,0.6660726929194402,0.09824094162513727,0.13570644822817765,0.1591950244362856,0.11576017860900577
DeepSurv (Tuned),85,0.6540050761821395,0.09760595614002955,0.13814098513382814,0.1625826278529771,0.11663018613916053
DeepSurv (Tuned),86,0.6701425295799639,0.09720489257158782,0.13637313721290228,0.1590368299252229,0.11540663758108198
DeepSurv (Tuned),87,0.6680241059723591,0.09562178014771808,0.13126057774735644,0.15599888284993618,0.11195853999582452
DeepSurv (Tuned),88,0.6652324669809064,0.10027470805864856,0.13516820084377393,0.16196185712731045,0.11683940431031882
DeepSurv (Tuned),89,0.6587928548429277,0.09541100820169603,0.13144326340339252,0.15903023800380203,0.11353990081390712
DeepSurv (Tuned),90,0.660445482836711,0.09718643197983114,0.135890132169485,0.1618610996456219,0.11526086835424543
DeepSurv (Tuned),91,0.6643310998881935,0.09680809853060807,0.1313680087230956,0.15430240307139256,0.11261507016760212
DeepSurv (Tuned),92,0.6570452155678804,0.09787339399284634,0.13614067962516865,0.16282657328265368,0.11583906528927948
DeepSurv (Tuned),93,0.6671908846948092,0.09819265690922163,0.13329205383443574,0.15665141308813313,0.11373675321284109
DeepSurv (Tuned),94,0.6524153362867432,0.09583054736693497,0.13322848023796158,0.15960080034417912,0.1137702220145046
DeepSurv (Tuned),95,0.6582415508221109,0.10063777809194221,0.13923330181846125,0.16312696341170532,0.11754576037847461
DeepSurv (Tuned),96,0.6609698530189619,0.09749707248238212,0.13505866466153557,0.15882385021452794,0.11445052936155031
DeepSurv (Tuned),97,0.654956541369272,0.09509455797133687,0.13121147842425337,0.156111428962295,0.11183054900412383
DeepSurv (Tuned),98,0.649004097636011,0.0958162777874795,0.13410574831010535,0.16175993231989516,0.1139132943484261
DeepSurv (Tuned),99,0.6571961306343407,0.09803225740923573,0.13601356088005098,0.16127443269039918,0.11515763818796965
DeepSurv (Tuned),100,0.6652364260681976,0.09608677650190904,0.13410066875837323,0.15694260611332347,0.11375568282883275
DeepSurv (Tuned),101,0.6640648715831183,0.09632915124839829,0.13279586871912977,0.15897518904388835,0.11432729735831706
DeepSurv (Tuned),102,0.6551959056238391,0.09958837265457234,0.13344089613342297,0.15606606707066667,0.11385951639214444
DeepSurv (Tuned),103,0.6537875591998812,0.09816028675214936,0.1358413951997761,0.16089212596239308,0.1149518349460029
DeepSurv (Tuned),104,0.6647679069327317,0.09973168429337041,0.13334964055415274,0.1595131832835625,0.11537412845132926
DeepSurv (Tuned),105,0.6521106300962236,0.10223275156535418,0.14074393800845528,0.166466057237128,0.12000380999411382
DeepSurv (Tuned),106,0.6669682434862743,0.09894389895331544,0.134356934855612,0.15959051675849803,0.11454220128168881
DeepSurv (Tuned),107,0.6607141782650797,0.09415098872496949,0.13222942924708395,0.1582768019861742,0.1119110788932184
DeepSurv (Tuned),108,0.663872407194101,0.09956402341945986,0.13462524787038188,0.15844709665410134,0.11530443359933408
DeepSurv (Tuned),109,0.6674758315301274,0.09449110442723475,0.13080229651102002,0.15444862786519695,0.11083633597832555
DeepSurv (Tuned),110,0.6552850401441964,0.0997281498265354,0.13680403404471686,0.16130901165581726,0.1160721082269265
DeepSurv (Tuned),111,0.6673942599829951,0.0938075151781403,0.13171996099617778,0.15893311886196204,0.1132155449170866
DeepSurv (Tuned),112,0.6535300543850338,0.09535279880983784,0.13229788457879757,0.15830509709958743,0.11283764164992449
DeepSurv (Tuned),113,0.6675869404944188,0.1018724522519905,0.13804488517684554,0.16119472159082682,0.11800548637078948
DeepSurv (Tuned),114,0.6734725616873527,0.09730626383405949,0.1332512190013645,0.15772850131336913,0.11396993766426365
DeepSurv (Tuned),115,0.662149340652524,0.09464152185390876,0.13305735509724784,0.15738444130192572,0.11269866929480177
DeepSurv (Tuned),116,0.6534088335314112,0.09522913152337172,0.13586325356218884,0.16105897738274977,0.11428022663756533
DeepSurv (Tuned),117,0.6591887465292696,0.09496950567460087,0.13353840767702352,0.15843181639310783,0.11331580016668286
DeepSurv (Tuned),118,0.6682235336345725,0.09688379674300988,0.1326554638997847,0.1566889239957697,0.11338896453654809
DeepSurv (Tuned),119,0.6684152231940518,0.09730449840574328,0.13215961169994508,0.15651641984366926,0.11290592848261928
DeepSurv (Tuned),120,0.6540432483358181,0.10024450356548983,0.13787363104709846,0.1625080218959984,0.11730714125666636
DeepSurv (Tuned),121,0.6608556593851865,0.09203596495397924,0.12911031524633018,0.15665292852277832,0.1101611996776865
DeepSurv (Tuned),122,0.654572435409745,0.09854245946058858,0.13461842259551962,0.1607234018887189,0.11554555624017067
DeepSurv (Tuned),123,0.6620066409511722,0.10035701261018902,0.13679676768786042,0.15973335090611626,0.11618307634266677
DeepSurv (Tuned),124,0.6547966017023681,0.09526176114929623,0.13471686524364984,0.15929963104453165,0.11284504481878338
DeepSurv (Tuned),125,0.6721839703877791,0.10132569646960006,0.13691991131803,0.15754969889172432,0.11632749780196737
DeepSurv (Tuned),126,0.6587156549779848,0.09531162371865187,0.13235941883765176,0.15655667111040214,0.11181972521490527
DeepSurv (Tuned),127,0.6642933103954818,0.09525140536739125,0.1306209472836138,0.15592387263860977,0.1125161123802735
DeepSurv (Tuned),128,0.6674281828757941,0.09755465529379613,0.13411203736308674,0.15642182469708835,0.1140054307094546
DeepSurv (Tuned),129,0.6697268596779463,0.09660481939204665,0.13139997449945018,0.15584464712296367,0.11247440173911606
DeepSurv (Tuned),130,0.6719698012885126,0.09798267694916087,0.13108835206174077,0.15492746841549646,0.1133007225811551
DeepSurv (Tuned),131,0.6593299191385188,0.0999496739860298,0.13398584741638755,0.1591604225941591,0.11534641609584187
DeepSurv (Tuned),132,0.6611215450699222,0.09855586662159986,0.1356953931681787,0.1593589140256552,0.11483134999593546
DeepSurv (Tuned),133,0.6652997951730214,0.10032533712753319,0.13387739771111518,0.15898806727355175,0.11542753081615299
DeepSurv (Tuned),134,0.6627467044384643,0.09528453698666964,0.1298981208405704,0.1562535727825291,0.11142746649146995
DeepSurv (Tuned),135,0.6622141058137514,0.10018388449889722,0.13441787336255098,0.1607038422588878,0.11554424409960405
DeepSurv (Tuned),136,0.6618459667252391,0.09598856885270612,0.1328307183140783,0.1565001895910365,0.11317623474025154
DeepSurv (Tuned),137,0.6588781464810575,0.09487759349709701,0.13269941223629067,0.1577383924567409,0.11213285245380111
DeepSurv (Tuned),138,0.6633449884615821,0.09807571572574916,0.13420249214323376,0.15917752766309878,0.115197201382155
DeepSurv (Tuned),139,0.6652051300617693,0.10153025924703042,0.1356858479889154,0.1592710177256556,0.11663986559570218
DeepSurv (Tuned),140,0.658247559685913,0.09937006847329483,0.1346545896443689,0.16039822321389616,0.11516456768510587
DeepSurv (Tuned),141,0.6571666504004173,0.09811603688100046,0.13690883363195064,0.16077492321856154,0.11590405037915887
DeepSurv (Tuned),142,0.6601500431435902,0.09497870705236884,0.13117602571502054,0.15633191698931653,0.11166941137110525
DeepSurv (Tuned),143,0.6522857467822711,0.09880541908155557,0.13440799807397366,0.1596799339259168,0.11533507564058207
DeepSurv (Tuned),144,0.6663654668172118,0.09649702503513179,0.1319649750678312,0.15763849592982782,0.11324975048135516
DeepSurv (Tuned),145,0.6635344440107126,0.09786834616983713,0.13383896173126647,0.1579246204280912,0.1150208353145827
DeepSurv (Tuned),146,0.6557705239897742,0.09709947675531536,0.13594947558175147,0.160112386766977,0.11488177365290979
DeepSurv (Tuned),147,0.6576014450548022,0.09522640249425883,0.1319870952787304,0.15901681730134343,0.11283655276488534
DeepSurv (Tuned),148,0.663133069566719,0.09505179042486868,0.13108074446733808,0.15646428049154343,0.1115122871570031
DeepSurv (Tuned),149,0.6698778585643993,0.0987777712271774,0.13644645398298366,0.1604018747712585,0.1164086541493004
DeepSurv (Tuned),150,0.6703223773042939,0.09712148079523543,0.13194174763853875,0.15707192256117317,0.11356539238323225
DeepSurv (Tuned),151,0.6556958636620416,0.10097028599941381,0.13812951942388854,0.163696085696894,0.11772827497866839
DeepSurv (Tuned),152,0.6711015977832306,0.09846446362408967,0.13145113747847265,0.1565474486489046,0.11392499081856902
DeepSurv (Tuned),153,0.6756711926457191,0.09742977551879926,0.13313208316527247,0.15600591192632826,0.11341159634208196
DeepSurv (Tuned),154,0.6631281073387405,0.09621247439971571,0.13222202347125356,0.158091648244353,0.11320691328476191
DeepSurv (Tuned),155,0.6657151321520928,0.10239361907155661,0.13676815228863834,0.16097244406884406,0.11760725355366931
DeepSurv (Tuned),156,0.6562840870830263,0.09582358327200152,0.13219298369067636,0.15792734007520418,0.11282158119642105
DeepSurv (Tuned),157,0.6628261881330949,0.09817937668009527,0.13478233040589582,0.15843364776788316,0.11443812784713332
DeepSurv (Tuned),158,0.6602855042945522,0.09730858230307138,0.13514284657712872,0.16009081086292362,0.11437811211217892
DeepSurv (Tuned),159,0.6615290294889824,0.10021777490287387,0.135660610287496,0.15740654326068634,0.11522566689408795
DeepSurv (Tuned),160,0.6616558506122704,0.09804416530344612,0.13663884955224728,0.16004258508188568,0.11585258258971065
DeepSurv (Tuned),161,0.6637377054879178,0.10082747552247322,0.13508808750808535,0.1607052112228376,0.11589825725038275
DeepSurv (Tuned),162,0.6616637156810722,0.10071840390944321,0.13689738559662468,0.16070513278709758,0.11664104313347003
DeepSurv (Tuned),163,0.6748170002271852,0.09639486107551457,0.13152511439824566,0.15771821384067763,0.1127137007096824
DeepSurv (Tuned),164,0.6612675600515626,0.09826393809476994,0.13640997977195662,0.16160778897894532,0.11601586538892078
DeepSurv (Tuned),165,0.6738625881458741,0.10008604438641491,0.13497327295326098,0.15694281249343203,0.11497290390343463
DeepSurv (Tuned),166,0.6664910227958823,0.09523238134880373,0.1345892152495081,0.16052061360268083,0.11430490890919687
DeepSurv (Tuned),167,0.6618978375894679,0.09736197870703939,0.13476416931069451,0.15985434593067158,0.11445317020536283
DeepSurv (Tuned),168,0.6564894553944387,0.09761539664418663,0.1343474324265198,0.15959312438200748,0.11452966847496684
DeepSurv (Tuned),169,0.6578449745035629,0.09812124269669786,0.13541585077960155,0.1596269143953537,0.11476847793029703
DeepSurv (Tuned),170,0.6517126525661278,0.09590596308460608,0.13200639310982787,0.15969754919528842,0.11267891604730555
DeepSurv (Tuned),171,0.6672866235074708,0.0987152802465081,0.13422892398983025,0.15865023199322772,0.11438520365804286
DeepSurv (Tuned),172,0.657030873517679,0.09978919390518377,0.13862084185493032,0.1624837824489585,0.11772442267416024
DeepSurv (Tuned),173,0.6691951036536099,0.09933846068062671,0.13649822252839464,0.16135004321514204,0.11652295766015665
DeepSurv (Tuned),174,0.6657360351816124,0.1010758105973962,0.13696819035087637,0.16241685582581608,0.11745973524322462
DeepSurv (Tuned),175,0.6581975295254663,0.09788496114899209,0.13568058821486328,0.16120140019429424,0.11503453133555613
DeepSurv (Tuned),176,0.6693189815202804,0.09369054634709902,0.1304720925380762,0.15514947933000817,0.1113344523936565
DeepSurv (Tuned),177,0.6574012725031282,0.0966849170408438,0.13368354073572125,0.15768141147181536,0.11355396514597518
DeepSurv (Tuned),178,0.6665488451662825,0.09839719175018112,0.1348103101081365,0.15876140603387584,0.11525592149976788
DeepSurv (Tuned),179,0.6590008123399242,0.09778643376264055,0.1320612631688048,0.15586174749240023,0.11321800206238077
DeepSurv (Tuned),180,0.6546809675905189,0.09416709611740048,0.13214716135141027,0.15904082093514518,0.11239134894560958
DeepSurv (Tuned),181,0.6604349624679117,0.0989628343158359,0.131599381476248,0.15794522612464207,0.11416716703650737
DeepSurv (Tuned),182,0.6474841929715958,0.09481053687054652,0.13199460964593418,0.15882816272218675,0.11222016701708351
DeepSurv (Tuned),183,0.6618844561794042,0.09859682639096101,0.1353137411157033,0.1587215271323519,0.11475347789529323
DeepSurv (Tuned),184,0.6539118318651185,0.09935986792329456,0.13731384038335298,0.1631605584745148,0.1165997816218122
DeepSurv (Tuned),185,0.6525496992006753,0.09402284279602034,0.133866491256057,0.15952896174529985,0.11251388448279795
DeepSurv (Tuned),186,0.6610489698432103,0.09844688440736117,0.1332019690462362,0.15817693692942836,0.11334617513581714
DeepSurv (Tuned),187,0.6608759600723997,0.09356694702427781,0.13083834456552623,0.1561859001425617,0.11149136134180554
DeepSurv (Tuned),188,0.65333579723118,0.09443053854217821,0.13383932062701986,0.158857086380731,0.11254282845958913
DeepSurv (Tuned),189,0.6484508131731284,0.09293744434192164,0.13022468882193355,0.15455279176165007,0.10973233941925463
DeepSurv (Tuned),190,0.6515003054367119,0.09696510771472275,0.13664209477557432,0.16111528953193016,0.11515412015502442
DeepSurv (Tuned),191,0.6699022996281608,0.100904895446438,0.13783318157306604,0.1608779842751278,0.11749764350273739
DeepSurv (Tuned),192,0.6595059290524115,0.0940508811808676,0.13305727410080118,0.15763079438627817,0.1124876761625792
DeepSurv (Tuned),193,0.6640799871318794,0.1011256783879616,0.13677480031063702,0.1611882407082306,0.11724450117258878
DeepSurv (Tuned),194,0.6605913886220771,0.09566455405817229,0.13089806314799596,0.15577127364776136,0.11144254939467713
DeepSurv (Tuned),195,0.6630678706722475,0.09729492736525933,0.13187061475612424,0.157532686220951,0.11327929289751898
DeepSurv (Tuned),196,0.6590292797209609,0.10023648743581273,0.13608934205392761,0.1598190586111744,0.11648401558155468
DeepSurv (Tuned),197,0.6684917663404191,0.09130541034550745,0.13081544244316187,0.1537961762227334,0.10989641480774956
DeepSurv (Tuned),198,0.6651580301046347,0.0971375659153451,0.13447847410710942,0.16042888751244794,0.11445374510886691
DeepSurv (Tuned),199,0.6617871104608685,0.09836353967590983,0.1353553035076838,0.16202468630564107,0.11581535513423377
DeepSurv (Tuned),200,0.660789622864242,0.09973483821206222,0.13680643666631231,0.1616660917374127,0.11709433691293912
Random Survival Forest (Tuned),1,0.6834676001351315,0.09444906466882545,0.132904907458059,0.15943039037687393,0.1125014154915747
Random Survival Forest (Tuned),2,0.6750775612103201,0.09472526458303798,0.13236072007911498,0.1562638172724816,0.11194620776552423
Random Survival Forest (Tuned),3,0.6786568544993652,0.09530724947396488,0.13464553617388708,0.15841699292050263,0.11274452166085024
Random Survival Forest (Tuned),4,0.6783211500413634,0.09512491014284269,0.13276594093662952,0.15596831671783357,0.11118433155065738
Random Survival Forest (Tuned),5,0.6672830634828087,0.09436781848357868,0.13358004030337095,0.1586594439063285,0.11257014015902804
Random Survival Forest (Tuned),6,0.6714263248497344,0.09193676128609794,0.13108494838432427,0.15302557765194133,0.1090457374392997
Random Survival Forest (Tuned),7,0.6777086400428973,0.09125227136333038,0.12925502585306142,0.15466056656182536,0.1088508501760782
Random Survival Forest (Tuned),8,0.6638351302398209,0.09541446079253696,0.13122254656523025,0.1542944126552578,0.1101800610714208
Random Survival Forest (Tuned),9,0.6701010611875167,0.0947165220977023,0.13418892901583596,0.15989396312991336,0.11313047990364536
Random Survival Forest (Tuned),10,0.6764183157967575,0.09377765837548004,0.13403031260567222,0.15746651735950062,0.11206263179126898
Random Survival Forest (Tuned),11,0.6745818039577723,0.09440768967917317,0.13313507935615776,0.15756806154130532,0.11176019448630277
Random Survival Forest (Tuned),12,0.6827790723898415,0.09519730874374437,0.13346273360372748,0.15722208616007896,0.11238093316561475
Random Survival Forest (Tuned),13,0.6756756673275988,0.0949396597429333,0.13284206522080066,0.1582488125636178,0.11199982664845562
Random Survival Forest (Tuned),14,0.6821799205262986,0.09164695677805273,0.12867697923714588,0.15592165517028062,0.10953886830451895
Random Survival Forest (Tuned),15,0.6730903229233374,0.09294862772573943,0.1313782107500248,0.15781154097588768,0.11081532823328677
Random Survival Forest (Tuned),16,0.6728210636998383,0.09377994816024048,0.13268813286009276,0.15767395412547106,0.11149387392312256
Random Survival Forest (Tuned),17,0.6758791559056766,0.09318567178724677,0.13487491228802678,0.1608018224646802,0.11316607868098374
Random Survival Forest (Tuned),18,0.6716651551877411,0.09395871593228701,0.135399728503531,0.15816360221916767,0.11168812032313676
Random Survival Forest (Tuned),19,0.6668301656018268,0.09543503243529594,0.13517725494900548,0.1602338949443571,0.11326026141580334
Random Survival Forest (Tuned),20,0.6674898910150507,0.09545659032266429,0.13493077907901255,0.160807621958814,0.11342022765777994
Random Survival Forest (Tuned),21,0.6713212252993017,0.09120110486107964,0.1332054353869035,0.15818578955711604,0.11114059713552761
Random Survival Forest (Tuned),22,0.6728702977179793,0.09141982258898575,0.12844002552525732,0.15073867140096572,0.10744476194538986
Random Survival Forest (Tuned),23,0.67848074359853,0.09413397154073858,0.13078341066825835,0.1541182896440549,0.11013169782164353
Random Survival Forest (Tuned),24,0.6839844955220381,0.09433925347035774,0.13205006561170746,0.15665197085665117,0.11154075853493003
Random Survival Forest (Tuned),25,0.6805770381933333,0.09595604587420754,0.13297407637774022,0.15634748361415207,0.11184613965690206
Random Survival Forest (Tuned),26,0.6730310769158018,0.09478301710058376,0.1328825814816396,0.1567350782370701,0.1115637926843206
Random Survival Forest (Tuned),27,0.6609255835290127,0.0922621938796549,0.12956493463820623,0.15477944920297376,0.10890306822200317
Random Survival Forest (Tuned),28,0.6807594099878387,0.09902016045016887,0.13675278624679382,0.15941870497798943,0.11477605540272799
Random Survival Forest (Tuned),29,0.676948046478223,0.09639445475053274,0.1339157501911384,0.15727354104700686,0.11331283242609197
Random Survival Forest (Tuned),30,0.6759424179329625,0.0970638441948501,0.13554822753737028,0.15915781413097632,0.11400069686277356
Random Survival Forest (Tuned),31,0.6731609490190132,0.09367175105588715,0.13109486021726,0.15663150078032512,0.11100398407165384
Random Survival Forest (Tuned),32,0.6686068108303006,0.09708452329355349,0.13463326926246727,0.15939962998554497,0.1136486798278331
Random Survival Forest (Tuned),33,0.6759275190396133,0.09592609072108123,0.13542271607223405,0.1591700916767128,0.11339895915871535
Random Survival Forest (Tuned),34,0.6743062816093967,0.0960278672894098,0.13437945779502647,0.15745106209176674,0.11268054708072525
Random Survival Forest (Tuned),35,0.672174509184754,0.09367113552943832,0.13134001724267602,0.15793306030861118,0.11121554671313946
Random Survival Forest (Tuned),36,0.6736000892995961,0.09330874164123172,0.1308882221423431,0.1549606240169826,0.11015630925285501
Random Survival Forest (Tuned),37,0.6755042841693529,0.09209651836116127,0.13132542531330277,0.15711656079160147,0.11034213927394929
Random Survival Forest (Tuned),38,0.6833816332340983,0.09383933339507604,0.1289818151139018,0.15296231699416457,0.10927461568040414
Random Survival Forest (Tuned),39,0.6774188782006834,0.09691222679822908,0.13456447162579802,0.1604292786613628,0.11414017293177814
Random Survival Forest (Tuned),40,0.6857609610963992,0.09338779574868575,0.13313363092443112,0.15811164832336178,0.11193025668579872
Random Survival Forest (Tuned),41,0.6685138118682197,0.09123412796736911,0.12924347309391346,0.15683158680835185,0.10923430788600086
Random Survival Forest (Tuned),42,0.6747785888923281,0.09759399674865352,0.1349529378771863,0.15926315062384527,0.11395335457419477
Random Survival Forest (Tuned),43,0.6629782410423453,0.09390326823335116,0.13334983601200032,0.15783749423076088,0.11131818466301689
Random Survival Forest (Tuned),44,0.6825965053679777,0.09556268048476674,0.13227448772721329,0.15423754912005108,0.11151036799547748
Random Survival Forest (Tuned),45,0.6716302824481086,0.093740402088402,0.13427804109096836,0.15683233729618318,0.11176799763273246
Random Survival Forest (Tuned),46,0.6758240851855293,0.09424238364500631,0.13259369054302372,0.15741773991380972,0.11196917801442521
Random Survival Forest (Tuned),47,0.6672313220438604,0.09265503376766217,0.13305965788569088,0.15752938427292162,0.11126874120452424
Random Survival Forest (Tuned),48,0.6641582470167944,0.09612969433686903,0.13476633649021824,0.16041383324880923,0.11319265077520768
Random Survival Forest (Tuned),49,0.6840024537246259,0.09406340470230075,0.13140306114508485,0.15584310218839972,0.1109107655102209
Random Survival Forest (Tuned),50,0.6743687312499915,0.09560722945195765,0.13257203492051656,0.1566456176417595,0.11151955849389243
Random Survival Forest (Tuned),51,0.6737910233053712,0.0936004791073383,0.13136589555577038,0.1551577285991439,0.11088161759731123
Random Survival Forest (Tuned),52,0.6757408446004689,0.09667322952052163,0.13478838633736903,0.15780481834035215,0.11310867271845369
Random Survival Forest (Tuned),53,0.6722554598012712,0.0943869615288325,0.13210263876011447,0.15544465351172695,0.1107591297182314
Random Survival Forest (Tuned),54,0.6765753014922199,0.09403233303827847,0.13171929874105096,0.1549270794612012,0.11065645948502614
Random Survival Forest (Tuned),55,0.6835018614224202,0.09267605882142928,0.13199990022219305,0.15586360428069843,0.11039573371631771
Random Survival Forest (Tuned),56,0.6716196654768418,0.09590196938379197,0.13446670521702722,0.15932463434645136,0.11290892946016198
Random Survival Forest (Tuned),57,0.6759908624024227,0.0931221543744306,0.1299145723602715,0.15432863415144002,0.109766057895495
Random Survival Forest (Tuned),58,0.6630140652171451,0.09718862740264016,0.13571524633563617,0.16067043232861603,0.11390944699157995
Random Survival Forest (Tuned),59,0.6690609924645369,0.09501718782177242,0.13429956669417045,0.15898252714230862,0.11293981440082214
Random Survival Forest (Tuned),60,0.6731066413585299,0.0963384067229629,0.13495052606756502,0.160311895241901,0.11363208403004027
Random Survival Forest (Tuned),61,0.6651640715919118,0.09415600102751151,0.13314560779863033,0.1575806386841231,0.11219370279660297
Random Survival Forest (Tuned),62,0.6793776241223661,0.09546467696427921,0.1351857704936924,0.15823106151040864,0.1125497131418664
Random Survival Forest (Tuned),63,0.6738277705933492,0.09404114346804988,0.13167525070860187,0.15472593742217208,0.11039923500672252
Random Survival Forest (Tuned),64,0.6830715353575774,0.0963109586449716,0.13702060718443462,0.1594016685000078,0.11417902688076798
Random Survival Forest (Tuned),65,0.6728648080206273,0.09620446541810579,0.13334240825197097,0.1574681798070804,0.11202488503455968
Random Survival Forest (Tuned),66,0.6733669099951576,0.09317255635195308,0.13242424216309043,0.15705826293482925,0.11114588498598735
Random Survival Forest (Tuned),67,0.6879915779728089,0.09562856688489224,0.13288423749144687,0.15393685535641,0.11219477418502208
Random Survival Forest (Tuned),68,0.6759604828660549,0.09552726531483895,0.13190901103082073,0.1555561219828952,0.11142680168118367
Random Survival Forest (Tuned),69,0.6731219743329657,0.09566243002168179,0.13417660256252334,0.15617194619784336,0.11213960630019246
Random Survival Forest (Tuned),70,0.6665416209549749,0.09511275738360463,0.1345984078768287,0.15871867283990473,0.11296743601099918
Random Survival Forest (Tuned),71,0.6815867920624818,0.09224871464571034,0.12877619752250352,0.1545407547212492,0.10924207731803762
Random Survival Forest (Tuned),72,0.6737279845916322,0.09414893199136687,0.134082125095026,0.1594661887778424,0.11195725204636883
Random Survival Forest (Tuned),73,0.6812006407450751,0.09443030938704632,0.1309651801018748,0.15438611109035152,0.11046458448898328
Random Survival Forest (Tuned),74,0.6718770586960504,0.09543384239819054,0.1355349855204769,0.15930260448751649,0.11349489310021607
Random Survival Forest (Tuned),75,0.6656688728492961,0.09407198193193128,0.13770322764700135,0.16104219066859768,0.11452597508357443
Random Survival Forest (Tuned),76,0.6798038570836601,0.09779353167228635,0.13635860898317606,0.1608036138142416,0.11507381419786958
Random Survival Forest (Tuned),77,0.6771991303852805,0.09336420011311465,0.1287247728803079,0.15344698620224304,0.10895781601869109
Random Survival Forest (Tuned),78,0.679029264538472,0.09223765621524413,0.13198390876906638,0.15620725925625964,0.11023057008525487
Random Survival Forest (Tuned),79,0.6636371392345006,0.0950911332897946,0.1323596731874366,0.15775706868975795,0.1119383336005399
Random Survival Forest (Tuned),80,0.6692292381097735,0.09672078472587516,0.13640861187205183,0.15962255375680895,0.11385337541216349
Random Survival Forest (Tuned),81,0.6726371963810663,0.09494242630730819,0.13207007479266147,0.15544607616717548,0.1113553467529963
Random Survival Forest (Tuned),82,0.6778770354372697,0.09278097855677146,0.1315813159161531,0.1546473777259333,0.11021013979782568
Random Survival Forest (Tuned),83,0.6709611156490333,0.09116594307825035,0.13034639635946837,0.15531177172905622,0.10888935540161471
Random Survival Forest (Tuned),84,0.6622551147436273,0.09685146937930064,0.13465843647252254,0.15852211802190042,0.11280383794281704
Random Survival Forest (Tuned),85,0.6834345476081625,0.0914964762473605,0.12898567998501412,0.1532090293085407,0.10896669770397714
Random Survival Forest (Tuned),86,0.6765150393124344,0.0953489456609327,0.13490841483538965,0.15669872996432935,0.11275004229603154
Random Survival Forest (Tuned),87,0.6672041790663099,0.09632865148639214,0.13506743215385944,0.15673740093205266,0.11232245282263029
Random Survival Forest (Tuned),88,0.6720144583806181,0.09472443728549229,0.13585664334394923,0.1603559741757359,0.11303236960334821
Random Survival Forest (Tuned),89,0.6691291100892414,0.09542203976555912,0.13342257856906012,0.15759200339100404,0.11204634495659921
Random Survival Forest (Tuned),90,0.6635213044698005,0.09314792689344956,0.13177109358370775,0.15767143523826435,0.10999912195481866
Random Survival Forest (Tuned),91,0.6772734911872368,0.09408552578717554,0.13336592317130447,0.15842776283351745,0.11165140592296212
Random Survival Forest (Tuned),92,0.6753845065172372,0.09351240063575042,0.13121797196063137,0.15567119197630927,0.11110204563366749
Random Survival Forest (Tuned),93,0.6795404052888326,0.09529591304701107,0.13545994116599755,0.1589185693277084,0.11316509721718578
Random Survival Forest (Tuned),94,0.6758725183287173,0.09379995977951897,0.13112851414466936,0.15615909935368183,0.11050524372434949
Random Survival Forest (Tuned),95,0.6677621762100505,0.09518142675096843,0.13408239152219936,0.15914997630932787,0.11242155021983728
Random Survival Forest (Tuned),96,0.6771778189544925,0.09414047400551337,0.13260835378605,0.15577265970533183,0.11160045413365041
Random Survival Forest (Tuned),97,0.6653369070905218,0.09669597569383258,0.13362037993659384,0.1603845138737739,0.11350500121500752
Random Survival Forest (Tuned),98,0.6602205175703006,0.09606477405960721,0.1366390256395274,0.16051574712304545,0.11417987335335794
Random Survival Forest (Tuned),99,0.6704267896889806,0.09357951447035699,0.13445269299646595,0.158236964095948,0.11211344685096322
Random Survival Forest (Tuned),100,0.6826616680388076,0.0950645961919896,0.13351140426305114,0.15851606107671007,0.11268746217108512
Random Survival Forest (Tuned),101,0.6784319591453656,0.09397176528171217,0.13301497181872185,0.1573279324080742,0.11148448276476394
Random Survival Forest (Tuned),102,0.6697982961703366,0.09241976880945293,0.13362005210721858,0.15503650867094224,0.11073352354163464
Random Survival Forest (Tuned),103,0.6763243576193896,0.09394167246861312,0.1323003073428609,0.15397706929642832,0.11071900912756374
Random Survival Forest (Tuned),104,0.6697902841324985,0.09626592692931332,0.1349441044803455,0.1575155867970426,0.11311928678445862
Random Survival Forest (Tuned),105,0.6692341296976341,0.09889477966580128,0.13696621728579897,0.16192492076436202,0.11577906883829207
Random Survival Forest (Tuned),106,0.6794621320598215,0.09460433789924581,0.13022923152664861,0.15568088463748597,0.11087673266477392
Random Survival Forest (Tuned),107,0.6681000065777348,0.09418619651853001,0.1328636989446953,0.15800562974185905,0.11208544687237454
Random Survival Forest (Tuned),108,0.6810358399392857,0.09231172130770095,0.132108743108548,0.1562868200153722,0.11071884649928015
Random Survival Forest (Tuned),109,0.6834838299643909,0.09495165862610246,0.13314190882828286,0.15790236112383885,0.11225834118302633
Random Survival Forest (Tuned),110,0.6820737557966007,0.0970299251867394,0.13559497342930063,0.15978878121215648,0.11412200142982144
Random Survival Forest (Tuned),111,0.663840911700106,0.09247259021862277,0.13160605256702754,0.15541578979873197,0.11009370135983403
Random Survival Forest (Tuned),112,0.6791195392501946,0.0973146306051821,0.13745831313014203,0.1596802531386711,0.11456226233517805
Random Survival Forest (Tuned),113,0.6688620776123859,0.0932524803782175,0.13212685198327553,0.1592983609298034,0.11188189310278668
Random Survival Forest (Tuned),114,0.6715728600617817,0.09519454869376345,0.13196753560354932,0.15706065122453025,0.11178364848968447
Random Survival Forest (Tuned),115,0.6789365657619296,0.09505782735244644,0.13237978289432134,0.15708823892774784,0.11198146953184303
Random Survival Forest (Tuned),116,0.682605033125206,0.09703820448796391,0.13436325136903243,0.15722979856041805,0.11306000940192372
Random Survival Forest (Tuned),117,0.6630561430607654,0.09435833815525524,0.13336624611531367,0.15741815406295281,0.11254527092337409
Random Survival Forest (Tuned),118,0.6724723774744391,0.09539250511070245,0.13103834487469213,0.15702155211907098,0.1112289546265136
Random Survival Forest (Tuned),119,0.66370720083867,0.09549316679365802,0.13566891469154882,0.16100710371733937,0.11346135022168326
Random Survival Forest (Tuned),120,0.6782963300822374,0.09583954686357987,0.13205144943734318,0.15471403593750022,0.11076154449958321
Random Survival Forest (Tuned),121,0.6827760797647635,0.09260941606769198,0.1292811630469124,0.15401035173498398,0.10989966075380844
Random Survival Forest (Tuned),122,0.668299632837721,0.09627691918652927,0.13462379148361564,0.15877394401521364,0.11321362961313533
Random Survival Forest (Tuned),123,0.6680674730420472,0.09137121973597848,0.13076295776795166,0.15623699930337429,0.10960740960356964
Random Survival Forest (Tuned),124,0.6742953764614111,0.0930110390999348,0.13015119241301662,0.1553477406652897,0.10988999493273052
Random Survival Forest (Tuned),125,0.6689338034693283,0.09663070224661702,0.1367633200533603,0.16232668932436053,0.11498077275891817
Random Survival Forest (Tuned),126,0.6802939583603356,0.09565353455636715,0.1327863382895387,0.15609992250347182,0.11146406004885775
Random Survival Forest (Tuned),127,0.6691368349338322,0.09430918341739601,0.12902334100027005,0.15146647397981164,0.10912308288209088
Random Survival Forest (Tuned),128,0.6666515883460788,0.097106234586477,0.1352547562407348,0.16158454175602077,0.11418184854039691
Random Survival Forest (Tuned),129,0.6619199507241235,0.09820625903889839,0.1357814394460569,0.15985863591910854,0.11404844098627027
Random Survival Forest (Tuned),130,0.6776410858169256,0.094937652623503,0.13184357670938496,0.1577103497068871,0.11138128215031168
Random Survival Forest (Tuned),131,0.6700040079371785,0.09667341263524343,0.13504188510625872,0.16029660885325703,0.11373429390843669
Random Survival Forest (Tuned),132,0.6646881758608574,0.09384265346043819,0.13299336457700142,0.15727119922886718,0.11130969570931111
Random Survival Forest (Tuned),133,0.6815905457996504,0.09438658188796889,0.13135387523922767,0.15570052523134384,0.11059867879667126
Random Survival Forest (Tuned),134,0.6667505869826986,0.09397654938247396,0.13256147916931368,0.15756478607399887,0.11163520064848184
Random Survival Forest (Tuned),135,0.6771858317032298,0.09746935631208763,0.1347133961637519,0.15810872868943085,0.11360607753006476
Random Survival Forest (Tuned),136,0.6644463193701072,0.09551916413157831,0.13507928390590504,0.16016740438437138,0.11357848778600205
Random Survival Forest (Tuned),137,0.6878243554496917,0.10057908478877264,0.13675081114464388,0.1605483578616998,0.11633873704743815
Random Survival Forest (Tuned),138,0.6666652848009417,0.09162527104282142,0.12922661572793523,0.15501189585554676,0.10876744574063117
Random Survival Forest (Tuned),139,0.6640644901982482,0.09850326150658274,0.13870400190497106,0.16250152825603073,0.11645567787273897
Random Survival Forest (Tuned),140,0.6643631155088346,0.09260053542698243,0.1321331865281482,0.15810625657805955,0.11099125997924507
Random Survival Forest (Tuned),141,0.6738930810566464,0.09146774475302802,0.13249153598579083,0.15657410856136303,0.11026224620113338
Random Survival Forest (Tuned),142,0.6792805642255181,0.09467204917311993,0.13348885739050229,0.15892044187708654,0.11246470060422546
Random Survival Forest (Tuned),143,0.6718849120310221,0.09276837268170726,0.13307653106908465,0.15803038427285093,0.11118521130542193
Random Survival Forest (Tuned),144,0.6764842429564732,0.0954672996426279,0.13259864296039114,0.15722356544644753,0.112291769260321
Random Survival Forest (Tuned),145,0.6806112898411075,0.0970363438155993,0.13405160775739838,0.1577255007626373,0.11341493699057556
Random Survival Forest (Tuned),146,0.6725317478421505,0.09496423481399367,0.13199234312046473,0.1583404243592573,0.11171800910050356
Random Survival Forest (Tuned),147,0.6741492291451741,0.09402704764121278,0.13261674904941886,0.15698008468631186,0.11118022140686122
Random Survival Forest (Tuned),148,0.6673085253454142,0.09481000098783508,0.13116410328406164,0.15552865940049357,0.11068364032523297
Random Survival Forest (Tuned),149,0.6697120177220816,0.09372913579803928,0.13243238020303938,0.1577307920214859,0.11131384479044251
Random Survival Forest (Tuned),150,0.6744107421095095,0.09601834248142799,0.13385474957108867,0.15640298613784612,0.11272847550728142
Random Survival Forest (Tuned),151,0.676885896468829,0.09384019516455501,0.13207494867990233,0.1538527384889396,0.11044237274979078
Random Survival Forest (Tuned),152,0.6896140328433893,0.09454774432665598,0.13080948460632574,0.15401301520999341,0.11043213743662461
Random Survival Forest (Tuned),153,0.6753045943425292,0.09480079804082553,0.1312610626007209,0.15639175227099025,0.11111192266091567
Random Survival Forest (Tuned),154,0.6801427645713282,0.09680400703010739,0.13443776140167804,0.15757647061872782,0.11334256894681226
Random Survival Forest (Tuned),155,0.6729240013489513,0.0984989390427639,0.1339843585999458,0.15799099804963623,0.11363578402814746
Random Survival Forest (Tuned),156,0.6717724204418133,0.09423632164238946,0.13420168758168194,0.1597062083126948,0.11285276507113101
Random Survival Forest (Tuned),157,0.6726609874491472,0.09412524742475126,0.1324389415350547,0.1566231016945002,0.11125526003387522
Random Survival Forest (Tuned),158,0.6791008722227135,0.09790397278239128,0.13533563053009,0.15945117809149642,0.11414690801117239
Random Survival Forest (Tuned),159,0.6740049153490796,0.09390705152495965,0.13332166275305707,0.1576864999536478,0.11209956198321996
Random Survival Forest (Tuned),160,0.6693763449864454,0.09333717033341385,0.1322562861033274,0.15696680607627575,0.11113391898248395
Random Survival Forest (Tuned),161,0.6663731424981763,0.09199959890020042,0.1306233840108335,0.15354359489906622,0.10948435676603847
Random Survival Forest (Tuned),162,0.6726954521561797,0.09560887725599976,0.13213522796189164,0.156365186762622,0.1112756747395089
Random Survival Forest (Tuned),163,0.6640574207103729,0.09401140569417292,0.13271096241414165,0.15612460816578735,0.11076815512978241
Random Survival Forest (Tuned),164,0.6729121396256986,0.09476352317655161,0.13328291874552817,0.15849642723870822,0.11276347814437516
Random Survival Forest (Tuned),165,0.6812678727279452,0.0947701241613295,0.13283458678096569,0.15513496105103278,0.11199854247142647
Random Survival Forest (Tuned),166,0.6725286959204245,0.09506732910091921,0.133317759499433,0.15706769739568466,0.1119513154973689
Random Survival Forest (Tuned),167,0.6774204825591311,0.09430062830385104,0.13146862519844202,0.15645416952937893,0.11150990857495184
Random Survival Forest (Tuned),168,0.6766924159205117,0.09807896911100245,0.13828955454906103,0.16285231379194767,0.115930873186199
Random Survival Forest (Tuned),169,0.6820088192154965,0.09564018879397519,0.13219842594513537,0.15507786317248157,0.11175150466046711
Random Survival Forest (Tuned),170,0.6823207366682976,0.0995107384786573,0.13502671792864968,0.15868332757656842,0.11403768910132549
Random Survival Forest (Tuned),171,0.6760570014350933,0.09470258028285779,0.13321279486716173,0.1563843516149395,0.11191423101407333
Random Survival Forest (Tuned),172,0.6701380961090162,0.0969962478434059,0.1334636641168184,0.15792494874757784,0.11286999714419457
Random Survival Forest (Tuned),173,0.6773202971993106,0.09460858458291274,0.13315475031500368,0.15896331607488978,0.11255700153961265
Random Survival Forest (Tuned),174,0.669712720004543,0.09410270846153754,0.1326509411931864,0.1571737504928602,0.11113089792117134
Random Survival Forest (Tuned),175,0.6648519583119709,0.0955324528929231,0.13363468456279987,0.15931970525081224,0.11239931422763044
Random Survival Forest (Tuned),176,0.673898165007296,0.09417069474303906,0.1359101921659049,0.16105828473963632,0.1136438739386829
Random Survival Forest (Tuned),177,0.6792588501603974,0.09415530817368692,0.1299155358880829,0.15462197319378965,0.109945778982372
Random Survival Forest (Tuned),178,0.6710078418562985,0.09905002438805108,0.13593187363914092,0.15944727668821246,0.11436876569866858
Random Survival Forest (Tuned),179,0.667967198382339,0.0930928044471839,0.1296927677478036,0.1563552958175426,0.11006813590460149
Random Survival Forest (Tuned),180,0.6762330965224804,0.09330403488283835,0.13393272098728196,0.15788903447213953,0.11120033765288176
Random Survival Forest (Tuned),181,0.6678268607255731,0.09289007192935914,0.13036332987045005,0.1565409913164381,0.11003159765387151
Random Survival Forest (Tuned),182,0.6683227706468093,0.09557097298898097,0.1344143299701596,0.1578006951550284,0.11292273313830661
Random Survival Forest (Tuned),183,0.669839134640713,0.09400155790011672,0.13185748678837794,0.15885496628575926,0.11182960525001645
Random Survival Forest (Tuned),184,0.6686600978331845,0.09469406394456258,0.13246116988837928,0.1570799906235286,0.11167397127618907
Random Survival Forest (Tuned),185,0.6704148054512606,0.09544792868627822,0.13246019553798308,0.15560576078398278,0.11209684368059689
Random Survival Forest (Tuned),186,0.6703361562085993,0.09840782346236102,0.13694983792285295,0.1597401779875717,0.114726421627262
Random Survival Forest (Tuned),187,0.6787295468773172,0.09415598646340305,0.13214368373831206,0.15660859740813643,0.11093527026915374
Random Survival Forest (Tuned),188,0.6655109962432102,0.09240276472004517,0.13388944651318582,0.15789969233813153,0.1116506052907616
Random Survival Forest (Tuned),189,0.6830828101027552,0.09605102332560908,0.13332301984751194,0.15556215978850138,0.11240746694033323
Random Survival Forest (Tuned),190,0.6694999267717193,0.09644472262539242,0.13558387809203942,0.15994020683600893,0.11360175505607599
Random Survival Forest (Tuned),191,0.662735404291946,0.09767251790168698,0.13685300440295262,0.16045723727218458,0.1149969556305079
Random Survival Forest (Tuned),192,0.6799605189549498,0.09541295059522775,0.13159715159216817,0.1565557015319644,0.11169769507471307
Random Survival Forest (Tuned),193,0.677652046177649,0.09521536117396859,0.13241974455210093,0.1586427504818685,0.1118077268746308
Random Survival Forest (Tuned),194,0.6768278540313922,0.09931403253965532,0.13382825601835485,0.15814824433732705,0.11418472183617775
Random Survival Forest (Tuned),195,0.6700180473546495,0.09307091289750381,0.13222508847580203,0.1590170704385352,0.1113935814221964
Random Survival Forest (Tuned),196,0.6662636379289654,0.09347907871644692,0.13185233166522045,0.15702485562554538,0.110305704013391
Random Survival Forest (Tuned),197,0.6654862080311154,0.0935003251632138,0.1319581346432089,0.15836595311459495,0.11106029085007876
Random Survival Forest (Tuned),198,0.6757486871581375,0.09188712696635602,0.13058849937025607,0.15568931000596062,0.10954586646676014
Random Survival Forest (Tuned),199,0.6687486772619347,0.0974819679926354,0.13719531039649938,0.1610243488776931,0.11528773921987928
Random Survival Forest (Tuned),200,0.6753517943294238,0.09142636552280826,0.12831254239600312,0.15280857328132927,0.10771599594267858
Neural-MTLR (Tuned),1,0.6572054110897849,0.09605061113133126,0.1389193672330448,0.16286961123442423,0.11614973544599348
Neural-MTLR (Tuned),2,0.6640263275100696,0.09864463733005129,0.13906007529916944,0.1617487186786372,0.11668495297119158
Neural-MTLR (Tuned),3,0.658222738707809,0.09650068746966153,0.13665539868431545,0.1590457359608676,0.11473003162811003
Neural-MTLR (Tuned),4,0.6525704492495655,0.09256852752386713,0.13399901404123685,0.15870262615099892,0.11205756604218417
Neural-MTLR (Tuned),5,0.6626753900481541,0.09575020401594353,0.13334084235792687,0.15765263101531865,0.11272767270802411
Neural-MTLR (Tuned),6,0.6506342548623758,0.092647575519174,0.1313149602255332,0.15651701705367518,0.11113021543353649
Neural-MTLR (Tuned),7,0.6571757037250613,0.09838074525375885,0.13564080166037293,0.16192306955112187,0.11506492846829829
Neural-MTLR (Tuned),8,0.658057447974881,0.09794655727684677,0.1341659584881228,0.1578775372109533,0.11435996527734786
Neural-MTLR (Tuned),9,0.6627827687500223,0.09733428586351549,0.13358291268560826,0.1570856692460857,0.11321677899497905
Neural-MTLR (Tuned),10,0.6563469571202091,0.09585438932158627,0.13470485839375593,0.15842215803526766,0.11343956118592234
Neural-MTLR (Tuned),11,0.6476402341910926,0.0945726679581702,0.13327610758759262,0.159286746381306,0.11221292222306195
Neural-MTLR (Tuned),12,0.6702223500721409,0.09200629439985593,0.1300479057727855,0.15582504973878633,0.10996319079654321
Neural-MTLR (Tuned),13,0.6521734010113369,0.09811294413463743,0.13716766496201982,0.16267934816728305,0.1156646072334841
Neural-MTLR (Tuned),14,0.6644008546845602,0.09746536166425998,0.13634387680192392,0.1593255220689403,0.11481186446861003
Neural-MTLR (Tuned),15,0.65634093510623,0.09653261293705226,0.13484227988605815,0.15774594526032706,0.11381479095628058
Neural-MTLR (Tuned),16,0.6648352782290344,0.0986842635952736,0.13782471906476115,0.16171838368932193,0.11609504388590058
Neural-MTLR (Tuned),17,0.6590146494086,0.0931414368001155,0.12921469364002675,0.15560112518225308,0.11004106385125255
Neural-MTLR (Tuned),18,0.6607140662784335,0.09707867450036187,0.13669443010339064,0.16061227270688871,0.11518131047568686
Neural-MTLR (Tuned),19,0.6612864840318505,0.09783642208039717,0.13590325725681104,0.1601095698829607,0.1152019279773849
Neural-MTLR (Tuned),20,0.6592650318351134,0.09147067842588164,0.12682721738899838,0.15263628234343074,0.10792694694007621
Neural-MTLR (Tuned),21,0.6469731894818742,0.09809095259767822,0.13605597580223477,0.16064089584470145,0.11494837331909841
Neural-MTLR (Tuned),22,0.6508364426558624,0.09242772863068903,0.1345514591009543,0.15552835311901478,0.11097857283702774
Neural-MTLR (Tuned),23,0.6593517523984085,0.09594982606778539,0.13430789001617974,0.15748925951376924,0.11276143325445116
Neural-MTLR (Tuned),24,0.6580323208192752,0.09810047998802358,0.13440856461763853,0.15927046130936642,0.11427289241025627
Neural-MTLR (Tuned),25,0.6498400423120874,0.0958907332577079,0.13539686826980596,0.16172234040936062,0.1140307324056661
Neural-MTLR (Tuned),26,0.6504694385768162,0.09507780532141888,0.1353766808761618,0.15946219842735623,0.11355129371415733
Neural-MTLR (Tuned),27,0.647172776770658,0.09811235183805209,0.13733641359767182,0.160556945837161,0.1152617362672172
Neural-MTLR (Tuned),28,0.6629965748381851,0.09487981892067894,0.13399378890343347,0.159586599786005,0.11332262723397246
Neural-MTLR (Tuned),29,0.6617508479511063,0.0985494733522856,0.13801988564284837,0.16249853227110575,0.1164020901719482
Neural-MTLR (Tuned),30,0.6479097381688088,0.09303477873820204,0.1302776152205812,0.15638279915469228,0.1101466745832111
Neural-MTLR (Tuned),31,0.6578286807783192,0.0920314574616152,0.12912719420053362,0.15443179359704928,0.10930916288285616
Neural-MTLR (Tuned),32,0.6648218559489124,0.09531574317241663,0.13409046751269665,0.15901880720738415,0.11294785499476703
Neural-MTLR (Tuned),33,0.6529029777593583,0.09541863866811787,0.13486184151335331,0.15960605987440246,0.11356509435118378
Neural-MTLR (Tuned),34,0.6493575240417203,0.0947709537941238,0.13221361896063424,0.15653059897531252,0.1107228265042996
Neural-MTLR (Tuned),35,0.6574013859246852,0.09547363173233521,0.1304594101350331,0.15574493595653432,0.11138876250462451
Neural-MTLR (Tuned),36,0.6581007703860152,0.0964134834745226,0.13637444959713382,0.16200166001935695,0.1147653121774044
Neural-MTLR (Tuned),37,0.6552244024403734,0.09346077667745813,0.13175577358095844,0.15642368989571517,0.11150686584628539
Neural-MTLR (Tuned),38,0.6516533090288946,0.0955170054726647,0.13230871398367175,0.15781317745741175,0.11186630122832114
Neural-MTLR (Tuned),39,0.6665727711726078,0.09278034051602334,0.13143537774588945,0.1560743782790883,0.11075529243316018
Neural-MTLR (Tuned),40,0.6518450395427456,0.0975886480432696,0.13777978682260772,0.16213081453211556,0.11547280729430229
Neural-MTLR (Tuned),41,0.6549996967249259,0.09845944731954928,0.13712825507488977,0.16143925582518986,0.11569548081218656
Neural-MTLR (Tuned),42,0.6668972215336003,0.09277489642267835,0.13032514419867194,0.15380063533016644,0.10987231144457035
Neural-MTLR (Tuned),43,0.6539160162434643,0.09586795509809909,0.13529162291845237,0.15886143082981605,0.11382547657250354
Neural-MTLR (Tuned),44,0.6553361948165561,0.09757965866079005,0.13518758817693655,0.16079070373972454,0.11476844745490163
Neural-MTLR (Tuned),45,0.6579287987894371,0.09365969158995721,0.13460111700153,0.15948827719140682,0.11271168271400071
Neural-MTLR (Tuned),46,0.6474564399390802,0.10002867773910791,0.1399012835111601,0.16306181581395282,0.1174759062725805
Neural-MTLR (Tuned),47,0.6555538632719017,0.09451926323998569,0.1336619704562106,0.15793371156458139,0.11292911194271196
Neural-MTLR (Tuned),48,0.6540000265882748,0.09678090926416963,0.13121823045379777,0.15539554425382252,0.11207915255047006
Neural-MTLR (Tuned),49,0.6526272899741414,0.09992791872426972,0.13831805653007415,0.16344190735803926,0.11663306140681484
Neural-MTLR (Tuned),50,0.6606604247741936,0.09415963720044325,0.13208710372555318,0.1571355214665768,0.11170571502180489
Neural-MTLR (Tuned),51,0.6510356677754183,0.09402745647478149,0.13291610598397893,0.15732934822905822,0.1124498612697013
Neural-MTLR (Tuned),52,0.6467747141632362,0.09394699943718755,0.13448191193062745,0.15796406141986266,0.11185237428541947
Neural-MTLR (Tuned),53,0.6590087803153257,0.09454387320800224,0.13273056460473567,0.15788092096010045,0.11248182612096783
Neural-MTLR (Tuned),54,0.6595999567767299,0.0953820674056854,0.13233609257954562,0.1586867032852693,0.1125937848318188
Neural-MTLR (Tuned),55,0.6550209248233204,0.0934713508098733,0.13202840251631306,0.1594649633815938,0.11146561220204368
Neural-MTLR (Tuned),56,0.6583354729295583,0.09688775506269892,0.1317374445134728,0.15586417931405122,0.11230695562520866
Neural-MTLR (Tuned),57,0.6551402771183304,0.09209598752484947,0.12898897210818594,0.15586276698715454,0.10943985452472053
Neural-MTLR (Tuned),58,0.6511190461540273,0.09538688751536287,0.13406973428625027,0.15832298785903776,0.11269663446484625
Neural-MTLR (Tuned),59,0.6554272744645763,0.09424216681910964,0.13643240722833824,0.1607690050389069,0.11449412401192678
Neural-MTLR (Tuned),60,0.6610809873198888,0.09412518138917053,0.1312880570416308,0.15519754437725244,0.11096209499656126
Neural-MTLR (Tuned),61,0.6500261774290605,0.0944953196851729,0.13396902726660578,0.15880477632259446,0.11229282747886137
Neural-MTLR (Tuned),62,0.6587786727762727,0.09787557384994973,0.13476994555385155,0.1602815252140791,0.11423787202019009
Neural-MTLR (Tuned),63,0.65544291586817,0.09475892753911562,0.13093536694187913,0.15696993702707066,0.11141503253961611
Neural-MTLR (Tuned),64,0.6550582687687562,0.09728404525756419,0.1376323196652532,0.16295413704050546,0.11592442691444399
Neural-MTLR (Tuned),65,0.6469645487633773,0.09359269126097094,0.13359396484075153,0.15890478273724973,0.11223076515990293
Neural-MTLR (Tuned),66,0.6554461231074251,0.09470076084048788,0.13386191373948658,0.15874243533045812,0.11348377692677304
Neural-MTLR (Tuned),67,0.6470612334876037,0.09473619432030866,0.1347292915620376,0.1585232255324029,0.11227905165863546
Neural-MTLR (Tuned),68,0.6514736339711689,0.0950042144262521,0.1363913112818364,0.16149720024501202,0.1135468484516384
Neural-MTLR (Tuned),69,0.6469127520873547,0.09537933304484247,0.1380062444451005,0.16007537575631334,0.11459845299092114
Neural-MTLR (Tuned),70,0.6553858815198292,0.09748038910159612,0.13577378024471282,0.1601471325569073,0.11452202757430066
Neural-MTLR (Tuned),71,0.6675549257806928,0.0984334670095101,0.13604066228409425,0.15705325459817815,0.11464772147255617
Neural-MTLR (Tuned),72,0.6469037382888415,0.09498934176805446,0.1371839069715743,0.163195731481293,0.11453592464871869
Neural-MTLR (Tuned),73,0.6565200486642777,0.09236877344094054,0.13414704091076815,0.1594707805911786,0.11222437072348956
Neural-MTLR (Tuned),74,0.6610763887784961,0.09504539480717747,0.13214360646037235,0.15889963588748135,0.11311115943765217
Neural-MTLR (Tuned),75,0.6702313215834544,0.09275052303209992,0.13105533119167767,0.15250778276463528,0.11059315812864585
Neural-MTLR (Tuned),76,0.6594820173037048,0.09395490801455234,0.13446167446574564,0.15880174610409192,0.11296817303993983
Neural-MTLR (Tuned),77,0.6590656993241696,0.09260344497370707,0.13214155401962854,0.15694471252271042,0.11105521330574748
Neural-MTLR (Tuned),78,0.6493446866017045,0.09471394244597185,0.133716665652385,0.15955202670545568,0.11255116704178779
Neural-MTLR (Tuned),79,0.6551954412504729,0.09793131653173723,0.13698836052343527,0.1621634006083839,0.11594042825595735
Neural-MTLR (Tuned),80,0.6611086099760924,0.09833439623859278,0.1369259514824544,0.16237721085541362,0.11600240827304287
Neural-MTLR (Tuned),81,0.6584058136659343,0.09387460111149294,0.13251598670420764,0.1561006053950684,0.11149699507301883
Neural-MTLR (Tuned),82,0.6521585712861068,0.09639729990005251,0.13756485200860658,0.162402350118615,0.11545281425630756
Neural-MTLR (Tuned),83,0.6569448867916344,0.09835532215404652,0.1359309428373385,0.16139509070984412,0.11544444001930973
Neural-MTLR (Tuned),84,0.6629064070262533,0.09842014452969661,0.1358930051002237,0.1604461698259993,0.11482738329825228
Neural-MTLR (Tuned),85,0.6557980058303607,0.09430698866966558,0.1331062243591668,0.15841685497639055,0.11206954516354241
Neural-MTLR (Tuned),86,0.6559613002312686,0.09014171586636445,0.12880379582707208,0.15304775653692743,0.10861048550920997
Neural-MTLR (Tuned),87,0.6513203391712006,0.09457279994229209,0.13292900227988935,0.1564274290010067,0.11260718598534038
Neural-MTLR (Tuned),88,0.6615240790893118,0.08928844275943858,0.12982972879788363,0.15476383297695134,0.10872520428773966
Neural-MTLR (Tuned),89,0.6529949670893509,0.09443599682278332,0.13501368915276826,0.16172962382017708,0.1141663044550201
Neural-MTLR (Tuned),90,0.6577934074215627,0.09697099642956003,0.13318424476450264,0.15870035321294962,0.11296933124296911
Neural-MTLR (Tuned),91,0.664832669117736,0.09363412135425019,0.13355183438820523,0.15847043253192408,0.11173421014826275
Neural-MTLR (Tuned),92,0.6478970983226887,0.097267486459725,0.13455219880021155,0.15974999431553502,0.1139375374273492
Neural-MTLR (Tuned),93,0.6584612705045797,0.09197201018463592,0.12903739979248177,0.15353826313650082,0.10965191679766984
Neural-MTLR (Tuned),94,0.6541753191365912,0.09624555502447643,0.1341889049755241,0.15960726321798735,0.11296453001350579
Neural-MTLR (Tuned),95,0.6711995085433207,0.09431209073655435,0.13171345504823087,0.1566713035288493,0.11197297777564423
Neural-MTLR (Tuned),96,0.6537125983376344,0.09441391008365825,0.13438432675712678,0.1594583640073394,0.1125634910943363
Neural-MTLR (Tuned),97,0.6639351603927799,0.09894464302860992,0.13307600142754047,0.15880709020502726,0.11433185366942486
Neural-MTLR (Tuned),98,0.6563873441064848,0.0935246491814709,0.13045116258385456,0.15557473015324697,0.11073134166232561
Neural-MTLR (Tuned),99,0.6551719329040998,0.09399631190241849,0.13151282633603195,0.1576141452704623,0.11115494804034232
Neural-MTLR (Tuned),100,0.6550720774323835,0.09521130464234061,0.13333385702994854,0.1584900138910282,0.11255853975746068
Neural-MTLR (Tuned),101,0.6581297522593446,0.09394039246265878,0.1348015375658661,0.15937258212126748,0.1131817295659
Neural-MTLR (Tuned),102,0.659623717372013,0.09281293068589756,0.1313293529580096,0.1556385174358484,0.11069048612388871
Neural-MTLR (Tuned),103,0.6575156791653354,0.09146006588657819,0.13008495126782144,0.15629904159230573,0.10987198077012413
Neural-MTLR (Tuned),104,0.6577655791301115,0.09849466142606647,0.13649762148552863,0.16137960196852413,0.11505977087397298
Neural-MTLR (Tuned),105,0.6595741460204624,0.09303370703718096,0.13274837038673312,0.15929154714088314,0.11193729118253072
Neural-MTLR (Tuned),106,0.6535358794210846,0.09432174646576329,0.13224782983885594,0.1583250908106714,0.11208017816567556
Neural-MTLR (Tuned),107,0.653831758680752,0.09601131216792312,0.1344373253761385,0.15921512532806212,0.11354184930264018
Neural-MTLR (Tuned),108,0.6521137936931489,0.09448783632417762,0.132482369621551,0.15665662968748775,0.1116965845611859
Neural-MTLR (Tuned),109,0.6544033655193976,0.09690466696470802,0.1370688775148532,0.16069272613795127,0.11459267519798493
Neural-MTLR (Tuned),110,0.6582926829656273,0.0917000486961713,0.1318206540133531,0.15486252618505444,0.11037947042468499
Neural-MTLR (Tuned),111,0.6558397126274279,0.09435611244093549,0.13333063956954969,0.1566146336203872,0.11226530325884684
Neural-MTLR (Tuned),112,0.6539778711942449,0.09241383051284295,0.13200781644788728,0.15706364560491623,0.11090681110940867
Neural-MTLR (Tuned),113,0.662542570419213,0.09674997277312133,0.13721913376177705,0.16319917647747478,0.11607496921520283
Neural-MTLR (Tuned),114,0.6631305370357858,0.09603573037826175,0.13458955822021493,0.16057530458346345,0.11387857356350042
Neural-MTLR (Tuned),115,0.6591111933486968,0.09347705667181756,0.12999649703870292,0.15606682130850508,0.11017955284133805
Neural-MTLR (Tuned),116,0.6582378453820414,0.09536091459492385,0.13440797440182678,0.1607295204639325,0.11320488588091303
Neural-MTLR (Tuned),117,0.6604865064410388,0.09370791906118028,0.13122702636692368,0.15453179125355396,0.1104959829065165
Neural-MTLR (Tuned),118,0.6538309093196112,0.09519283371399305,0.13397498882064232,0.16001589020903081,0.11275713572841936
Neural-MTLR (Tuned),119,0.6555014251891641,0.09690043107064675,0.13532091736366758,0.1608401140879348,0.11436680058852372
Neural-MTLR (Tuned),120,0.6604444833908404,0.09657909666872536,0.13374830076056993,0.15909854114531885,0.11351822344326781
Neural-MTLR (Tuned),121,0.6587194003814126,0.09412612020119882,0.13233412490333687,0.1572627338906612,0.11205312220695982
Neural-MTLR (Tuned),122,0.6600017543507695,0.09591511327151878,0.13241322005929418,0.16001150496379263,0.11318610862368422
Neural-MTLR (Tuned),123,0.6554321284050333,0.09805946031592233,0.1348031083854991,0.1596317687918988,0.1147736713754074
Neural-MTLR (Tuned),124,0.658668835147403,0.09747352337730827,0.1361407349965993,0.15891513574292804,0.11438705512122689
Neural-MTLR (Tuned),125,0.6640094059109918,0.09488201626769392,0.1319728573701729,0.15825593278098132,0.11169476550539631
Neural-MTLR (Tuned),126,0.6612122449755341,0.0986528815376125,0.13544048994891447,0.15876683645961084,0.11508540343193048
Neural-MTLR (Tuned),127,0.6653036893636296,0.09671675263840368,0.13372421574854923,0.15618585129152424,0.1125792563376452
Neural-MTLR (Tuned),128,0.6541650553556564,0.09570611228254804,0.13357325620215635,0.15778150643886774,0.11236549055176448
Neural-MTLR (Tuned),129,0.6534914877656764,0.09476021101253877,0.13207110361769073,0.15874584196913422,0.1120823318791402
Neural-MTLR (Tuned),130,0.658112874775064,0.09854360119971348,0.1370166626343752,0.1595265216025135,0.11577463592562252
Neural-MTLR (Tuned),131,0.6624027595437983,0.09740911517749906,0.13268795945040748,0.15716558570088907,0.1129691737972191
Neural-MTLR (Tuned),132,0.6630898740962334,0.09203301712142212,0.1299775629441751,0.15423148121420444,0.10999412077240737
Neural-MTLR (Tuned),133,0.6540048881891938,0.09515297878129293,0.13636471872761535,0.15926933371610108,0.11424668443761904
Neural-MTLR (Tuned),134,0.6563412582985313,0.09509987471658145,0.13099694895168715,0.15383468522051313,0.11073089759431715
Neural-MTLR (Tuned),135,0.6619022513129988,0.09580947282509662,0.13326925950397212,0.15567792652465484,0.1123294127783123
Neural-MTLR (Tuned),136,0.6619423582907443,0.09579165372051761,0.136191881969775,0.15904332633364804,0.11456122592000968
Neural-MTLR (Tuned),137,0.6593968856972148,0.09730269233263215,0.13368811012289666,0.1593849532853967,0.11429177499712086
Neural-MTLR (Tuned),138,0.655817713593777,0.09354663227256978,0.13464855743762172,0.1588615879642523,0.11170524812260703
Neural-MTLR (Tuned),139,0.6499582535717707,0.09586980933792044,0.1342294993417146,0.16081194486574454,0.11439559175105313
Neural-MTLR (Tuned),140,0.6599452165804714,0.10021049330966117,0.13805477303049554,0.16175448600746725,0.11722678608015277
Neural-MTLR (Tuned),141,0.6635604004584816,0.09633874053933782,0.13222153370066148,0.15681474420284405,0.1127928106023942
Neural-MTLR (Tuned),142,0.6512497077062093,0.09990486824228398,0.1392955953587785,0.1635111715238439,0.11766898586141242
Neural-MTLR (Tuned),143,0.6618774824657491,0.09389623442583121,0.13229298641176346,0.15781589019457992,0.11201742743898115
Neural-MTLR (Tuned),144,0.6458267697271617,0.09556704183250882,0.1325295772049145,0.157751375185964,0.11222187668940382
Neural-MTLR (Tuned),145,0.6511419802690875,0.096331701269293,0.1369465951505796,0.16296490343136918,0.11531047168817406
Neural-MTLR (Tuned),146,0.6639592265263579,0.09467525509444909,0.1330528622540654,0.15827593048790575,0.1124298965080861
Neural-MTLR (Tuned),147,0.6529883529632577,0.09523669170987231,0.13420737314631828,0.15888595216538665,0.11306358409584384
Neural-MTLR (Tuned),148,0.6487938233981625,0.09264720154514983,0.1333409664137921,0.15678367058125267,0.11142644150067153
Neural-MTLR (Tuned),149,0.6607976182021404,0.08857572353881753,0.12909140427079427,0.15364306005931846,0.10811947571740957
Neural-MTLR (Tuned),150,0.6624550652434906,0.09606078156584594,0.13437491480104558,0.15996267144373785,0.11388958714777402
Neural-MTLR (Tuned),151,0.6561264754104762,0.0963815752538,0.1349373730330672,0.1602721192227609,0.11510680082152107
Neural-MTLR (Tuned),152,0.6642908581896183,0.09446162494306182,0.130673737248678,0.15699071407479873,0.11132355061959129
Neural-MTLR (Tuned),153,0.6554171510240978,0.09436268961336439,0.13506947921305656,0.15915353659606854,0.11294992510743809
Neural-MTLR (Tuned),154,0.6509900475793511,0.09290571307927242,0.1322742011781591,0.15488629138577925,0.11046338806797394
Neural-MTLR (Tuned),155,0.648769332023901,0.10131494301212904,0.14007564003067627,0.1646214761167895,0.11857330587043421
Neural-MTLR (Tuned),156,0.6682124742768202,0.09116655210139775,0.13037968004886336,0.15420730456155465,0.10971139510477076
Neural-MTLR (Tuned),157,0.663913052829388,0.09213334876771873,0.12916687518238582,0.15348759122780156,0.1092312625665917
Neural-MTLR (Tuned),158,0.6561145969554232,0.09723609889643553,0.13678512765343956,0.16134145564577948,0.11505178780375341
Neural-MTLR (Tuned),159,0.6719078565503332,0.09617558578289487,0.13337107950464566,0.15706191381683124,0.11265515114089553
Neural-MTLR (Tuned),160,0.651088601291647,0.09787177858615237,0.13825982623757552,0.16153278069005783,0.11580872185534223
Neural-MTLR (Tuned),161,0.65202193973324,0.09430019396873537,0.13305402279463927,0.15746804512462553,0.11222232958142786
Neural-MTLR (Tuned),162,0.6652023288048379,0.09599951973910598,0.13281166131123848,0.15924365305131796,0.11440148259486421
Neural-MTLR (Tuned),163,0.6500429835129954,0.09256454419029382,0.13195772727791388,0.15721389465145885,0.11083839624564644
Neural-MTLR (Tuned),164,0.6646941134923374,0.10005997529562438,0.13393751029633827,0.15783312702777597,0.11493987638649522
Neural-MTLR (Tuned),165,0.647974120111879,0.09046225917598806,0.1312581397046624,0.15822547170895426,0.10992562783920218
Neural-MTLR (Tuned),166,0.664786101841213,0.09792154828188425,0.1353719383838582,0.15838971607450497,0.11449662116990836
Neural-MTLR (Tuned),167,0.6585032525835073,0.09402474183247596,0.1326594110386888,0.15824175723766143,0.11171068528386796
Neural-MTLR (Tuned),168,0.6552841315177628,0.09626821059435693,0.13512318041335566,0.15936374961965424,0.11376059789655552
Neural-MTLR (Tuned),169,0.6641976001863256,0.09625837447049869,0.13454100209862757,0.158187812476244,0.1129780289870569
Neural-MTLR (Tuned),170,0.6602972926396591,0.09681738853550492,0.13412536542094985,0.15775306553468074,0.11324063599500056
Neural-MTLR (Tuned),171,0.6540626854922331,0.09369803768278728,0.13280630107498087,0.15915866197645884,0.11213454848949414
Neural-MTLR (Tuned),172,0.6607986620345451,0.09164584643450976,0.1321489800352414,0.15696919627051373,0.11072138260926354
Neural-MTLR (Tuned),173,0.6588891383394996,0.09614015425508739,0.13455967723819148,0.16089961588989765,0.11415401057209561
Neural-MTLR (Tuned),174,0.6532255434327132,0.09751394463632396,0.13694591928217595,0.16267588161446442,0.11573663937644772
Neural-MTLR (Tuned),175,0.657617941105303,0.09194336264440531,0.13326362536888295,0.1591830149303002,0.11187560891470567
Neural-MTLR (Tuned),176,0.6596893778714733,0.09634342391972148,0.1354799411111458,0.16093395907203725,0.11492675284905061
Neural-MTLR (Tuned),177,0.6444448790095949,0.09217291666345823,0.13105347012076898,0.15668490809442936,0.11030817462773443
Neural-MTLR (Tuned),178,0.6536647027539514,0.09477080279531835,0.13538330993168518,0.16163556001593068,0.11365438789535896
Neural-MTLR (Tuned),179,0.6505422458291431,0.10080103932033883,0.1400950064725903,0.1652324245810165,0.11842763102372653
Neural-MTLR (Tuned),180,0.6545969433363812,0.09361669099365409,0.13261681658140256,0.1577696987151534,0.11176940787055857
Neural-MTLR (Tuned),181,0.6571798996172118,0.09339866155963666,0.1363130294545896,0.16037630242394488,0.11383897922857952
Neural-MTLR (Tuned),182,0.6532183989057943,0.09433835175173916,0.1352092684530158,0.15829237784571054,0.11289340646173024
Neural-MTLR (Tuned),183,0.642430295930123,0.09553065252420465,0.13465003170211048,0.16255356113077524,0.11370268575913224
Neural-MTLR (Tuned),184,0.6611144585459141,0.09965564413220213,0.13905768594044815,0.1610693994896044,0.11677542776535951
Neural-MTLR (Tuned),185,0.666906732568831,0.09760575420144588,0.13317517588012195,0.15628051993500017,0.11316735942377908
Neural-MTLR (Tuned),186,0.6578241599753685,0.09934879788380593,0.1379241870269993,0.16116818725580162,0.11674043550421433
Neural-MTLR (Tuned),187,0.6499336952454998,0.09438328173522725,0.1338609429396627,0.1600557849316937,0.11275643412322904
Neural-MTLR (Tuned),188,0.6510576816522331,0.09702541640238486,0.13325213142343803,0.15874595814988338,0.11337635169553963
Neural-MTLR (Tuned),189,0.6578839948313989,0.09684665105050876,0.13688301323658433,0.16065384392016913,0.11442432492279649
Neural-MTLR (Tuned),190,0.65813635466216,0.09709012061208479,0.13753189315656303,0.16124408420109285,0.11479255007340275
Neural-MTLR (Tuned),191,0.652986732132185,0.09953195223196187,0.13986399914553596,0.16377244187464624,0.11736571641515474
Neural-MTLR (Tuned),192,0.6573711941011021,0.09475678202617449,0.1320223659710313,0.15882399417941587,0.11228897870534252
Neural-MTLR (Tuned),193,0.6562170817381453,0.09609777129637344,0.13737371749061075,0.15946641270033973,0.11488770416423187
Neural-MTLR (Tuned),194,0.6500058493876615,0.09147635361951312,0.12951202945191675,0.15684046116371467,0.10894608735678034
Neural-MTLR (Tuned),195,0.6562979657334219,0.09898201011947985,0.13623256244447274,0.1575172959255944,0.11509392240885466
Neural-MTLR (Tuned),196,0.6621293431410372,0.09746037819993564,0.13601399530910116,0.16067619691117072,0.1148830391437464
Neural-MTLR (Tuned),197,0.6590337730215607,0.09332099616424772,0.1319628070765061,0.15605147205565145,0.11106589389539792
Neural-MTLR (Tuned),198,0.6661538843525948,0.09956698460602341,0.13611700813701016,0.1582398149598804,0.11530470649968891
Neural-MTLR (Tuned),199,0.660114893205768,0.09712255039761693,0.13629820009002933,0.1604136328145943,0.11467742388509435
Neural-MTLR (Tuned),200,0.6571157316998559,0.09600876599144134,0.13601542244022072,0.15864829884864623,0.11428177867037478
