model_id,display_name,family,explainability_type,feature_name,feature_block,importance_primary,importance_secondary,importance_primary_label,importance_secondary_label,driver_rank_within_model
cox_tuned,Cox Comparable,continuous_time_cox,coefficient_based,num__clicks_first_4_weeks,early_window_behavior,1.010587884431968,-1.010587884431968,abs_coefficient,signed_coefficient,1
cox_tuned,Cox Comparable,continuous_time_cox,coefficient_based,num__mean_clicks_first_4_weeks,early_window_behavior,0.8021318129577573,0.8021318129577573,abs_coefficient,signed_coefficient,2
cox_tuned,Cox Comparable,continuous_time_cox,coefficient_based,cat__highest_education_No Formal quals,static_structural,0.45335695063904485,0.45335695063904485,abs_coefficient,signed_coefficient,3
cox_tuned,Cox Comparable,continuous_time_cox,coefficient_based,cat__imd_band_None,static_structural,0.4176112432152554,-0.4176112432152554,abs_coefficient,signed_coefficient,4
cox_tuned,Cox Comparable,continuous_time_cox,coefficient_based,cat__highest_education_Lower Than A Level,static_structural,0.22857359538340913,0.22857359538340913,abs_coefficient,signed_coefficient,5
deepsurv_tuned,DeepSurv,continuous_time_deepsurv,grouped_permutation,active_weeks_first_4,early_window_behavior,0.010085563524688881,0.09644180057134473,delta_ibs_after_grouped_permutation,mean_auc_importance_after_grouped_permutation,1
deepsurv_tuned,DeepSurv,continuous_time_deepsurv,grouped_permutation,clicks_first_4_weeks,early_window_behavior,0.0061663854296890586,0.05399053336145906,delta_ibs_after_grouped_permutation,mean_auc_importance_after_grouped_permutation,2
deepsurv_tuned,DeepSurv,continuous_time_deepsurv,grouped_permutation,mean_clicks_first_4_weeks,early_window_behavior,0.005187855024289811,0.006429326589768136,delta_ibs_after_grouped_permutation,mean_auc_importance_after_grouped_permutation,3
deepsurv_tuned,DeepSurv,continuous_time_deepsurv,grouped_permutation,studied_credits,static_structural,0.004469071958332349,0.039150187182631635,delta_ibs_after_grouped_permutation,mean_auc_importance_after_grouped_permutation,4
deepsurv_tuned,DeepSurv,continuous_time_deepsurv,grouped_permutation,region,static_structural,0.0018720417961397007,0.016439143004397565,delta_ibs_after_grouped_permutation,mean_auc_importance_after_grouped_permutation,5
gb_weekly_tuned,GB Weekly Hazard,discrete_time_gb,permutation_importance_auc,studied_credits,static_structural,0.022600466351288873,0.022600466351288873,delta_auc_after_permutation,delta_auc_after_permutation,1
gb_weekly_tuned,GB Weekly Hazard,discrete_time_gb,permutation_importance_auc,recency,dynamic_temporal_behavioral,0.020604277610486554,0.020604277610486554,delta_auc_after_permutation,delta_auc_after_permutation,2
gb_weekly_tuned,GB Weekly Hazard,discrete_time_gb,permutation_importance_auc,week,discrete_time_index,0.012274195603459881,0.012274195603459881,delta_auc_after_permutation,delta_auc_after_permutation,3
gb_weekly_tuned,GB Weekly Hazard,discrete_time_gb,permutation_importance_auc,cum_clicks_until_t,dynamic_temporal_behavioral,0.007368399361937783,0.007368399361937783,delta_auc_after_permutation,delta_auc_after_permutation,4
gb_weekly_tuned,GB Weekly Hazard,discrete_time_gb,permutation_importance_auc,streak,dynamic_temporal_behavioral,0.004633226728618989,0.004633226728618989,delta_auc_after_permutation,delta_auc_after_permutation,5
linear_tuned,Linear Discrete-Time Hazard,discrete_time_linear,coefficient_based,num__n_vle_rows_week,dynamic_temporal_behavioral,12.766893619295956,-12.766893619295956,abs_coefficient,signed_coefficient,1
linear_tuned,Linear Discrete-Time Hazard,discrete_time_linear,coefficient_based,num__total_clicks_week,dynamic_temporal_behavioral,11.752648701262972,-11.752648701262972,abs_coefficient,signed_coefficient,2
linear_tuned,Linear Discrete-Time Hazard,discrete_time_linear,coefficient_based,num__n_distinct_sites_week,dynamic_temporal_behavioral,7.695353065282606,7.695353065282606,abs_coefficient,signed_coefficient,3
linear_tuned,Linear Discrete-Time Hazard,discrete_time_linear,coefficient_based,num__cum_clicks_until_t,dynamic_temporal_behavioral,4.579059782923365,4.579059782923365,abs_coefficient,signed_coefficient,4
linear_tuned,Linear Discrete-Time Hazard,discrete_time_linear,coefficient_based,num__studied_credits,static_structural,3.437385399242363,3.437385399242363,abs_coefficient,signed_coefficient,5
mtlr_tuned,Neural-MTLR,continuous_time_neural_mtlr,grouped_permutation,active_weeks_first_4,early_window_behavior,0.017320935575613594,0.017320935575613594,delta_ibs_after_grouped_permutation,mean_delta_ibs_approx,1
mtlr_tuned,Neural-MTLR,continuous_time_neural_mtlr,grouped_permutation,mean_clicks_first_4_weeks,early_window_behavior,0.008359993572754909,0.008359993572754909,delta_ibs_after_grouped_permutation,mean_delta_ibs_approx,2
mtlr_tuned,Neural-MTLR,continuous_time_neural_mtlr,grouped_permutation,studied_credits,static_structural,0.005868079489849243,0.005868079489849243,delta_ibs_after_grouped_permutation,mean_delta_ibs_approx,3
mtlr_tuned,Neural-MTLR,continuous_time_neural_mtlr,grouped_permutation,clicks_first_4_weeks,early_window_behavior,0.003369788524159978,0.003369788524159978,delta_ibs_after_grouped_permutation,mean_delta_ibs_approx,4
mtlr_tuned,Neural-MTLR,continuous_time_neural_mtlr,grouped_permutation,gender,static_structural,0.0020892729718877956,0.0020892729718877956,delta_ibs_after_grouped_permutation,mean_delta_ibs_approx,5
neural_tuned,Neural Discrete-Time Survival,discrete_time_neural,grouped_permutation,week,discrete_time_index,0.01993222431610911,0.2659071649606393,delta_ibs_after_grouped_permutation,mean_auc_importance_after_grouped_permutation,1
neural_tuned,Neural Discrete-Time Survival,discrete_time_neural,grouped_permutation,active_this_week,dynamic_temporal_behavioral,0.0049624858257520665,0.04795870403932841,delta_ibs_after_grouped_permutation,mean_auc_importance_after_grouped_permutation,2
neural_tuned,Neural Discrete-Time Survival,discrete_time_neural,grouped_permutation,recency,dynamic_temporal_behavioral,0.004937298758726838,0.0803730353661289,delta_ibs_after_grouped_permutation,mean_auc_importance_after_grouped_permutation,3
neural_tuned,Neural Discrete-Time Survival,discrete_time_neural,grouped_permutation,cum_clicks_until_t,dynamic_temporal_behavioral,0.004779637436966883,0.039061069738329145,delta_ibs_after_grouped_permutation,mean_auc_importance_after_grouped_permutation,4
neural_tuned,Neural Discrete-Time Survival,discrete_time_neural,grouped_permutation,streak,dynamic_temporal_behavioral,0.0030816330163100925,0.0802393654997638,delta_ibs_after_grouped_permutation,mean_auc_importance_after_grouped_permutation,5
poisson_pexp_tuned,Poisson Piecewise-Exponential,discrete_time_poisson,coefficient_based,num__n_vle_rows_week,dynamic_temporal_behavioral,6.4672077819383915,-6.4672077819383915,abs_coefficient,signed_coefficient,1
poisson_pexp_tuned,Poisson Piecewise-Exponential,discrete_time_poisson,coefficient_based,num__studied_credits,static_structural,2.9398021860114443,2.9398021860114443,abs_coefficient,signed_coefficient,2
poisson_pexp_tuned,Poisson Piecewise-Exponential,discrete_time_poisson,coefficient_based,num__total_clicks_week,dynamic_temporal_behavioral,1.669666399288176,-1.669666399288176,abs_coefficient,signed_coefficient,3
poisson_pexp_tuned,Poisson Piecewise-Exponential,discrete_time_poisson,coefficient_based,num__n_distinct_sites_week,dynamic_temporal_behavioral,1.6442189295577991,-1.6442189295577991,abs_coefficient,signed_coefficient,4
poisson_pexp_tuned,Poisson Piecewise-Exponential,discrete_time_poisson,coefficient_based,cat__imd_band_None,static_structural,0.9553807728809628,-0.9553807728809628,abs_coefficient,signed_coefficient,5
rsf_tuned,Random Survival Forest,continuous_time_tree_ensemble,grouped_permutation,active_weeks_first_4,early_window_behavior,0.01415839654080181,0.01415839654080181,delta_ibs_after_grouped_permutation,mean_delta_ibs_approx,1
rsf_tuned,Random Survival Forest,continuous_time_tree_ensemble,grouped_permutation,clicks_first_4_weeks,early_window_behavior,0.0064573356656411895,0.0064573356656411895,delta_ibs_after_grouped_permutation,mean_delta_ibs_approx,2
rsf_tuned,Random Survival Forest,continuous_time_tree_ensemble,grouped_permutation,studied_credits,static_structural,0.004450870731115192,0.004450870731115192,delta_ibs_after_grouped_permutation,mean_delta_ibs_approx,3
rsf_tuned,Random Survival Forest,continuous_time_tree_ensemble,grouped_permutation,mean_clicks_first_4_weeks,early_window_behavior,0.003234255509169587,0.003234255509169587,delta_ibs_after_grouped_permutation,mean_delta_ibs_approx,4
rsf_tuned,Random Survival Forest,continuous_time_tree_ensemble,grouped_permutation,gender,static_structural,0.002063682497375735,0.002063682497375735,delta_ibs_after_grouped_permutation,mean_delta_ibs_approx,5
