model,bootstrap_iter,c_index_td,brier_h10,brier_h20,brier_h30,ibs
Cox Comparable (Tuned),1,0.6444581503185655,0.10042725319040734,0.1365192311552776,0.16178685050630578,0.11597253533245665
Cox Comparable (Tuned),2,0.6469546237307298,0.09853975020299559,0.1361711863659642,0.16379375374628688,0.11658144234283248
Cox Comparable (Tuned),3,0.6486641840831172,0.10131257486641641,0.1379405310633848,0.1625492137905414,0.11775763054491949
Cox Comparable (Tuned),4,0.6475590378209342,0.10054139435298384,0.13430469959950125,0.15879433653716074,0.11536036648305731
Cox Comparable (Tuned),5,0.6571092331026938,0.10055802352455682,0.13886735097089545,0.1630327702793199,0.11879210490856536
Cox Comparable (Tuned),6,0.6605704089455989,0.10137046650356185,0.13754052957506233,0.16240234160789066,0.11798271296041075
Cox Comparable (Tuned),7,0.6460351369273353,0.10087553254848952,0.13733512941388873,0.16273181701574443,0.11753677989858262
Cox Comparable (Tuned),8,0.6479288215172979,0.10012139148141316,0.13836036041624294,0.1618259435024566,0.11693016819611494
Cox Comparable (Tuned),9,0.6516025175682694,0.10121470380637712,0.13762477237248472,0.16369382085365533,0.1179699488652526
Cox Comparable (Tuned),10,0.655027956740308,0.10009662662781664,0.13825420237519928,0.16348562562624258,0.11784066312869731
Cox Comparable (Tuned),11,0.6418968051302093,0.10240484691302053,0.13910885348570376,0.16562417521921122,0.11926578688397482
Cox Comparable (Tuned),12,0.6541719036300134,0.10168860934714656,0.13823278137185038,0.16365793216913943,0.11813880992079574
Cox Comparable (Tuned),13,0.6538130742761684,0.1045579847815245,0.14263650709491993,0.165809267382826,0.12133812690495845
Cox Comparable (Tuned),14,0.6523599480565584,0.1053805116040006,0.14012071860101824,0.16484597097125858,0.12094731487900297
Cox Comparable (Tuned),15,0.6466207269985318,0.10276057269272723,0.13809276546124696,0.16318813213733938,0.11853526481645064
Cox Comparable (Tuned),16,0.6523695900288826,0.10214975691304334,0.13986870786666458,0.16362588092241917,0.11854568522595944
Cox Comparable (Tuned),17,0.6461286158733662,0.09848148662130621,0.13584703127354747,0.16032947958936655,0.1145040501867231
Cox Comparable (Tuned),18,0.6461216227283173,0.10137610305390418,0.13953434083530328,0.16499282370978158,0.1188480047264041
Cox Comparable (Tuned),19,0.6540829294804813,0.10348812701394128,0.13934108617877722,0.16450590492667877,0.119852447499263
Cox Comparable (Tuned),20,0.6536099201268737,0.09865962194600034,0.13443577095793888,0.15749784204380246,0.11457035935425725
Cox Comparable (Tuned),21,0.6509538737980017,0.10261021001980344,0.13968510315979468,0.16353626250277742,0.11964152429535097
Cox Comparable (Tuned),22,0.6592675694997919,0.09914048079420199,0.13206366813278989,0.15716355835193002,0.11425059653270547
Cox Comparable (Tuned),23,0.6460803858226797,0.0988312508034496,0.13601920816756297,0.16115107892863229,0.11564990056690784
Cox Comparable (Tuned),24,0.6448565301480874,0.09922572523437391,0.13685754169850364,0.1621473615725123,0.11669759151964867
Cox Comparable (Tuned),25,0.6525184207643525,0.09930473570138944,0.13848896203894895,0.16426743177821068,0.11696081073486549
Cox Comparable (Tuned),26,0.6458620121476398,0.09677476706891297,0.13510737954679353,0.1585255309285405,0.1137462290417653
Cox Comparable (Tuned),27,0.6568255683021477,0.09714873943104171,0.13326073345199535,0.1569033309695411,0.11407391964885884
Cox Comparable (Tuned),28,0.6545967069330572,0.10199707303457604,0.13699235383295186,0.16018069131811613,0.11669141289103563
Cox Comparable (Tuned),29,0.6540265611327489,0.10037302685149342,0.13484756684492935,0.15990366805493705,0.1158663724057985
Cox Comparable (Tuned),30,0.6529439750650832,0.10077088577324726,0.14027215693191097,0.16365174036153388,0.11871590619154156
Cox Comparable (Tuned),31,0.6468803323318468,0.10579713308068625,0.14119069863928088,0.16521397310165206,0.12085396057726398
Cox Comparable (Tuned),32,0.6503946120913339,0.10081243580510665,0.1365848083521638,0.1609990961465546,0.1168906952379919
Cox Comparable (Tuned),33,0.6598750626907605,0.10391999105494235,0.14116395454038197,0.16409676517089247,0.12034769784236171
Cox Comparable (Tuned),34,0.6614974436220071,0.10369155822616972,0.13650622410272792,0.1597967361603485,0.11822402813751136
Cox Comparable (Tuned),35,0.6584774904833725,0.10472115805175002,0.13913007976197148,0.16312414644215462,0.11950080320550349
Cox Comparable (Tuned),36,0.6533266761531741,0.10116708466501237,0.13781942079055742,0.16260492947306288,0.1181908628702139
Cox Comparable (Tuned),37,0.6502930201632271,0.10217209937902337,0.13764213319376448,0.16127773568707662,0.11780061108369627
Cox Comparable (Tuned),38,0.6563929270788823,0.1012212862108461,0.13743683062235457,0.16102659757949522,0.11773425955736021
Cox Comparable (Tuned),39,0.6480370086159146,0.10024047704812332,0.13517699901084365,0.15959718556492497,0.11579836746795936
Cox Comparable (Tuned),40,0.6448803785872258,0.10057176744383514,0.13800221625724704,0.16325332756451025,0.11728115695357975
Cox Comparable (Tuned),41,0.6565090572422533,0.1022098075855374,0.14162087705572668,0.16409195445977062,0.1194871680482566
Cox Comparable (Tuned),42,0.6549263242251118,0.10034887515320028,0.1378079910145006,0.1614645421754966,0.11728138986368342
Cox Comparable (Tuned),43,0.6488903465726172,0.10159100072660644,0.1369650933054734,0.16030874284109486,0.1167499074143192
Cox Comparable (Tuned),44,0.6629839625084187,0.10143405493586287,0.13528621003021687,0.15953070216773174,0.11688051313265892
Cox Comparable (Tuned),45,0.6466689044669613,0.10034477801646692,0.14140597090992374,0.163867112514164,0.11899955842417448
Cox Comparable (Tuned),46,0.6555655738332591,0.10138837360951856,0.13742201529361872,0.16247984549444716,0.11720479125395286
Cox Comparable (Tuned),47,0.6537132075475598,0.10004808082853142,0.1377319546075541,0.16181874457486034,0.11708996775236669
Cox Comparable (Tuned),48,0.6520634127554905,0.10091480392077497,0.13868491327063562,0.16305520324289782,0.11798619421975291
Cox Comparable (Tuned),49,0.6553637232345978,0.10066110682865594,0.1371673132359139,0.159634153861454,0.1169993044610907
Cox Comparable (Tuned),50,0.6589196834194238,0.10147145892515747,0.13816913062046624,0.16206116922138716,0.1180119509654124
Cox Comparable (Tuned),51,0.6557927949747333,0.09765244997732661,0.1352712363384182,0.1604171131593125,0.11549384401175547
Cox Comparable (Tuned),52,0.6462675392319623,0.10437191945152938,0.13876104336824263,0.16206926821008746,0.11824516394951701
Cox Comparable (Tuned),53,0.6449244100612465,0.09876306012026805,0.1413719854955612,0.16610458650075158,0.11823064779138212
Cox Comparable (Tuned),54,0.6453252138693727,0.09779099927328491,0.13505224361413917,0.15826809865866986,0.11509453993945179
Cox Comparable (Tuned),55,0.6603970589626201,0.10113415292493853,0.13705524803747973,0.16130062366110953,0.11728459924890634
Cox Comparable (Tuned),56,0.6584226654200657,0.10129124941305312,0.13844054247501916,0.1614567800965654,0.11790818636385357
Cox Comparable (Tuned),57,0.6528242529249763,0.1011148823470436,0.13983117276731927,0.16435446735151044,0.11841694699221114
Cox Comparable (Tuned),58,0.6562018032966381,0.10357845266657642,0.13963489455571299,0.16338622730129165,0.11935179566824397
Cox Comparable (Tuned),59,0.661226429441801,0.09687395003534029,0.13314976752589278,0.15704641699728908,0.11337793928250874
Cox Comparable (Tuned),60,0.6497195749060083,0.10082197225003296,0.13822299485872325,0.1628921282436275,0.11780491159926829
Cox Comparable (Tuned),61,0.6472646459403133,0.10249910351657332,0.1380026706607018,0.16269790892998817,0.11775776796114085
Cox Comparable (Tuned),62,0.6523015571184604,0.10366505757463386,0.14175237825487594,0.16749328397659222,0.12134387103580987
Cox Comparable (Tuned),63,0.6460850838607632,0.1055993884835443,0.1447905022179265,0.16602855969371394,0.1219763567640273
Cox Comparable (Tuned),64,0.6466376179381089,0.10127083190823558,0.1378203018653331,0.16080964339671552,0.117495180434749
Cox Comparable (Tuned),65,0.6451046372252502,0.10515404771454344,0.143846737159327,0.16538084836150416,0.12148239726345929
Cox Comparable (Tuned),66,0.6498102746618466,0.10294587146735072,0.14333006467275536,0.16726434290631234,0.12155208775037749
Cox Comparable (Tuned),67,0.6546958362144467,0.1005662396040825,0.13737983121094713,0.1617535766747149,0.11722956229713528
Cox Comparable (Tuned),68,0.6463275730553244,0.09880600998166379,0.13371076426858175,0.16098141812494113,0.11475840631163195
Cox Comparable (Tuned),69,0.6568927457962143,0.1005620045464621,0.13626820901859774,0.16136689836651277,0.11658226620331949
Cox Comparable (Tuned),70,0.6412867174302671,0.10142565627011761,0.13624222279443196,0.16228469481804284,0.11688212455315963
Cox Comparable (Tuned),71,0.6524846634565452,0.10175377493109652,0.13747748798697818,0.16233260870851343,0.117610713273114
Cox Comparable (Tuned),72,0.6561110483617228,0.1011536587974058,0.13784209614221582,0.1622096167504055,0.11776511478073691
Cox Comparable (Tuned),73,0.643501884917371,0.10163388832791087,0.13847619715088974,0.16354565222570197,0.11780193889472051
Cox Comparable (Tuned),74,0.6435948095036593,0.10090024374288425,0.13733159025477676,0.1629448571661739,0.1176638507327784
Cox Comparable (Tuned),75,0.6502879982910232,0.10147857600370036,0.13560293688748398,0.16070953790480869,0.11677326071048044
Cox Comparable (Tuned),76,0.6499689179683565,0.09871257220903923,0.13458634372626258,0.16007641313703516,0.1145501140897613
Cox Comparable (Tuned),77,0.6604084665402195,0.10151326293805978,0.13553423960459546,0.158674509515124,0.11668718506096634
Cox Comparable (Tuned),78,0.648656011789445,0.10419061020630163,0.13882990899669018,0.16475833027290537,0.11925221048533222
Cox Comparable (Tuned),79,0.6547379177753316,0.09706921771789484,0.13601856339462468,0.15901755525317285,0.11463673352460417
Cox Comparable (Tuned),80,0.6442414211883335,0.09999909510682967,0.14030584350353234,0.16444994489502943,0.11839880730116716
Cox Comparable (Tuned),81,0.6514188248816741,0.09984507421451992,0.13622141949385458,0.16224949692577367,0.11667116779609618
Cox Comparable (Tuned),82,0.6469293840095061,0.09640327744799532,0.13480504585036157,0.16044670545219888,0.11435498923110615
Cox Comparable (Tuned),83,0.658907108758351,0.10058313062703808,0.13671309632653064,0.16009520788244305,0.11726072176155865
Cox Comparable (Tuned),84,0.6524425981438904,0.10244491799306195,0.14010234348479023,0.16419896003664583,0.11931657883816049
Cox Comparable (Tuned),85,0.653512100966724,0.1000345688328362,0.13686102916094087,0.16048051938857852,0.11626658263334871
Cox Comparable (Tuned),86,0.6563056623601667,0.1010484114482522,0.13802276979367514,0.1621714313974976,0.11730176391455406
Cox Comparable (Tuned),87,0.646320043262629,0.0990810679709716,0.13748638191279922,0.16278128469013542,0.11704475560555908
Cox Comparable (Tuned),88,0.6505839114991493,0.09882886613730424,0.13486746251585288,0.1620786739104112,0.11533858338455272
Cox Comparable (Tuned),89,0.6514774851497882,0.10449275486050112,0.14236130289591134,0.16511204234378243,0.12079956992687614
Cox Comparable (Tuned),90,0.6521560447483433,0.101396147480595,0.13920050283590185,0.16400658105251065,0.11759727289449982
Cox Comparable (Tuned),91,0.6484542025717359,0.09589143961213725,0.13314709698481791,0.1601493948611315,0.11349516471663884
Cox Comparable (Tuned),92,0.6460079532700645,0.09824792506449502,0.13646564422081947,0.16129467005241935,0.11587925383924698
Cox Comparable (Tuned),93,0.6491019238066063,0.09680255213349066,0.13412671947423296,0.16026419305258174,0.1145616878446244
Cox Comparable (Tuned),94,0.6468455856944395,0.10321312890031893,0.14097779707806155,0.1625253330577715,0.11914672380692069
Cox Comparable (Tuned),95,0.6558303730604831,0.10337836193949015,0.1409549823908268,0.16377235704923385,0.11967307334889823
Cox Comparable (Tuned),96,0.6506399477364654,0.1008571390374815,0.1372405001849973,0.15957033163365264,0.1170528371213682
Cox Comparable (Tuned),97,0.6540186136026359,0.10284660542582606,0.1401132760976993,0.16338186651848455,0.11946728811102342
Cox Comparable (Tuned),98,0.6500799700576928,0.10136589219126539,0.13949751702496957,0.1631463192330104,0.11845384838231969
Cox Comparable (Tuned),99,0.6559592732609565,0.09902309556653455,0.13422285332054623,0.15968580237946822,0.11442557820599128
Cox Comparable (Tuned),100,0.6514195017161842,0.10284069064240615,0.13741001483806128,0.16282439943998764,0.11843866469605244
Cox Comparable (Tuned),101,0.6469487056900645,0.10386375068488983,0.1401582813730576,0.16450963093974405,0.11913806662963208
Cox Comparable (Tuned),102,0.6418141307342998,0.09889854988705155,0.1393304378417699,0.16410085424480955,0.11751424989292111
Cox Comparable (Tuned),103,0.6476130664865967,0.10232496139743678,0.1415444812285389,0.16503417431414116,0.11988957863838899
Cox Comparable (Tuned),104,0.6435337230817237,0.1024759714076246,0.13873610351430646,0.1648096120677687,0.11859461336087943
Cox Comparable (Tuned),105,0.6534487347636911,0.10011179860937969,0.13853645387476032,0.16446842031173906,0.11825908611522234
Cox Comparable (Tuned),106,0.6461366575104454,0.10408548652609023,0.14006113218856625,0.16570731199418637,0.11982889500361847
Cox Comparable (Tuned),107,0.6434922688355738,0.09809398002492145,0.13653915214107612,0.16127340474701965,0.11553519793914904
Cox Comparable (Tuned),108,0.6584624671403263,0.09730645895087256,0.13420229060217428,0.15796458645590986,0.11394335403469817
Cox Comparable (Tuned),109,0.656305695623173,0.10039555730133082,0.13573778346639584,0.16005311918021936,0.11642871905079322
Cox Comparable (Tuned),110,0.6553346717189257,0.10272387192538007,0.1420589235378557,0.16506232091781542,0.12055999042508216
Cox Comparable (Tuned),111,0.6474841591565645,0.10217151259017958,0.1372832934164718,0.1616850794378021,0.1179711857369966
Cox Comparable (Tuned),112,0.6515044836790234,0.0981791046867033,0.1354055326084605,0.1596503120065864,0.1152011567755635
Cox Comparable (Tuned),113,0.6472649660704048,0.10195173996290818,0.13933542469380433,0.16459872940104414,0.11941385101816544
Cox Comparable (Tuned),114,0.6551791682829291,0.10019210634319631,0.13951487838947607,0.16304031989823348,0.11817389643695862
Cox Comparable (Tuned),115,0.6507507777852011,0.10258542068622631,0.1391828352306048,0.16195203068843692,0.1186018528665369
Cox Comparable (Tuned),116,0.6497382737702742,0.09930170380264625,0.13480142648132082,0.16104856952821198,0.11587152427895589
Cox Comparable (Tuned),117,0.6417011524258355,0.1018718963705679,0.13919631669942714,0.16263397542332172,0.11777452392300684
Cox Comparable (Tuned),118,0.6507165676098116,0.10030380096621207,0.13618942659756983,0.16194145493452666,0.11703891237172544
Cox Comparable (Tuned),119,0.6568571714901249,0.10036225721772939,0.1366389489419792,0.16126306614854594,0.11671274147507008
Cox Comparable (Tuned),120,0.6513146667888928,0.09588250307185862,0.13420092192215047,0.15970003918960188,0.1139602544202584
Cox Comparable (Tuned),121,0.646321203238594,0.10166630510848862,0.13691793789774148,0.16255880223827726,0.11722958347051786
Cox Comparable (Tuned),122,0.6545053703160124,0.1041845479002747,0.14042579671420669,0.16345248471096163,0.11969134518617228
Cox Comparable (Tuned),123,0.6487391796614587,0.10022014504440331,0.13524465493420462,0.16123099141470118,0.1165812901216437
Cox Comparable (Tuned),124,0.65353941451624,0.10319006793421925,0.14007189151968893,0.16444316768123696,0.1196813437448291
Cox Comparable (Tuned),125,0.6558864201016819,0.1032472196388544,0.14004065173705124,0.16347402429598945,0.12001194188953199
Cox Comparable (Tuned),126,0.647694396437487,0.09697522444801955,0.1342312165684297,0.15949538512872327,0.1137356487345038
Cox Comparable (Tuned),127,0.6435801488606943,0.09602638444299072,0.13248537935994198,0.15938144018109454,0.11359117283493453
Cox Comparable (Tuned),128,0.6496484253164753,0.10153069439520256,0.1382220596286585,0.1635409561474276,0.11768422955665268
Cox Comparable (Tuned),129,0.6479786725420662,0.09957920217556414,0.1385139352192242,0.1617375352891411,0.1166148461684171
Cox Comparable (Tuned),130,0.6482565306869145,0.10001784764117974,0.13738788492233542,0.16344858490980407,0.11741376254127422
Cox Comparable (Tuned),131,0.6446133059221041,0.10253831822995456,0.13836694596909474,0.1636792691492034,0.11818954615214074
Cox Comparable (Tuned),132,0.649599883850611,0.0998886685695033,0.1351748552162079,0.15901579722922166,0.11525909352192623
Cox Comparable (Tuned),133,0.6486685978438348,0.09952411197588863,0.13576430154557445,0.15982105492308715,0.1158956055658162
Cox Comparable (Tuned),134,0.6462378505470798,0.10434921449645175,0.1427350387872564,0.16415805206644318,0.12058376446790776
Cox Comparable (Tuned),135,0.6482917126968883,0.09840108682032794,0.13781874641892386,0.16286480727226266,0.11677235410733232
Cox Comparable (Tuned),136,0.6531679919507296,0.09953422202389002,0.1364283709203979,0.16133321542371365,0.11626623136274902
Cox Comparable (Tuned),137,0.6498654441642143,0.10366499044671029,0.1385045911981136,0.16362896987009648,0.1193263456554209
Cox Comparable (Tuned),138,0.6501020874688481,0.09861334990133346,0.13607152196617317,0.16139548284655955,0.11560760686020546
Cox Comparable (Tuned),139,0.6440086144518823,0.09950148268149014,0.1363195817876836,0.1627311894389996,0.11583535772688647
Cox Comparable (Tuned),140,0.6468331145663851,0.10146390773199081,0.13782776193141272,0.16245326074119934,0.11749145447736381
Cox Comparable (Tuned),141,0.6535263750131696,0.10178348326413213,0.14213153891815922,0.16421524544936067,0.1202564482743351
Cox Comparable (Tuned),142,0.6589933802035493,0.10219723647948112,0.14013040989688455,0.1633246541001494,0.11935229940858468
Cox Comparable (Tuned),143,0.6405776851688301,0.09999126662018075,0.1368534725145142,0.16159437514640923,0.11645006798902374
Cox Comparable (Tuned),144,0.6487292117180892,0.10437830967431322,0.1423593892600251,0.16783374506591153,0.12127045403014368
Cox Comparable (Tuned),145,0.6435545543774304,0.10049091942572737,0.1366752915326873,0.1620252876086408,0.11671811981389475
Cox Comparable (Tuned),146,0.6553295258012563,0.10298890759452675,0.13728764785056086,0.1619094755425146,0.11862363690724444
Cox Comparable (Tuned),147,0.6539206752835842,0.09605916853222454,0.13444126816438037,0.15853674613290106,0.11401403736863874
Cox Comparable (Tuned),148,0.6511069633807519,0.1027069146759167,0.13894056228860124,0.1640802728730497,0.11914462881440656
Cox Comparable (Tuned),149,0.6534179070252443,0.10348129638757533,0.13961302512460547,0.16373625222140664,0.1193921236075537
Cox Comparable (Tuned),150,0.6551935259093742,0.10396167591285413,0.13904697535838317,0.16389124578666198,0.11923406891381752
Cox Comparable (Tuned),151,0.663741321962007,0.1008541671566471,0.13603310085892578,0.16082201862360354,0.11750397979827239
Cox Comparable (Tuned),152,0.6572364111396612,0.0986331228964865,0.1349060769520364,0.15932839654639694,0.11551772824342518
Cox Comparable (Tuned),153,0.6476556372211627,0.10150384397107305,0.13806120532863608,0.16425472724721185,0.11815686090833476
Cox Comparable (Tuned),154,0.6477427722054396,0.10042898728741878,0.13649777747806222,0.16071694741206505,0.11717002685680873
Cox Comparable (Tuned),155,0.6430286523525504,0.10239965805554452,0.14005211422717673,0.16352699036847643,0.11888751198097267
Cox Comparable (Tuned),156,0.6544843876778189,0.1036057551550288,0.13996705815104968,0.1668506336508177,0.12081849961118923
Cox Comparable (Tuned),157,0.647358977929222,0.0992249955540655,0.13696054953536807,0.16050079081130356,0.11631041697698542
Cox Comparable (Tuned),158,0.6514121160398224,0.09884843622052056,0.1353016311430205,0.1580163092538647,0.11497024681515673
Cox Comparable (Tuned),159,0.6448623031291875,0.10246548978203893,0.14237651692699538,0.16617140322424787,0.12034644167011813
Cox Comparable (Tuned),160,0.6514549979921695,0.10400719961507011,0.13828970000868154,0.164390883452763,0.11925474117115618
Cox Comparable (Tuned),161,0.6530816275212347,0.1002747423210965,0.13735507377873302,0.161976437139974,0.11746782168683371
Cox Comparable (Tuned),162,0.6584601434096478,0.10035365822146838,0.13476206114102582,0.15909675474689441,0.11580872290461976
Cox Comparable (Tuned),163,0.6484813140283386,0.1063269308628768,0.1413559065504113,0.1653739337550455,0.12118827080314544
Cox Comparable (Tuned),164,0.647465633261004,0.09962267027438272,0.13882216655269147,0.16174126931642596,0.11724194733836503
Cox Comparable (Tuned),165,0.6422195748507714,0.10103292330908101,0.14107049017103498,0.16680756548879705,0.11895324830638446
Cox Comparable (Tuned),166,0.6326774143430736,0.09826693806687484,0.13394839795939628,0.16125932580414645,0.11474622933221826
Cox Comparable (Tuned),167,0.6552175828847958,0.10328205432812004,0.13995911122220817,0.16236256439265126,0.11913456017939501
Cox Comparable (Tuned),168,0.6538655822226916,0.0993815590603642,0.13641692858884355,0.15961885639912898,0.11606887442321173
Cox Comparable (Tuned),169,0.6526821773821333,0.10210371087902545,0.1378518894526214,0.1651500075060229,0.11841041529907735
Cox Comparable (Tuned),170,0.6592766910357566,0.10009460097274771,0.13417120251531572,0.1585733380264426,0.11531316486229992
Cox Comparable (Tuned),171,0.6455599221228728,0.09852526782024172,0.1359526398608189,0.1615966483466302,0.11572253162126253
Cox Comparable (Tuned),172,0.6472150522268069,0.09842811924427546,0.13538258043414433,0.16122632713865573,0.11463613373259382
Cox Comparable (Tuned),173,0.656830382917795,0.10102366901979813,0.13785131759990313,0.16092856527477498,0.11711883767158164
Cox Comparable (Tuned),174,0.6483853481911184,0.100525406049494,0.13807727885273738,0.16275973881246167,0.11793142173228018
Cox Comparable (Tuned),175,0.6456327150988445,0.10007176258714963,0.13708530942297265,0.16403934813363447,0.11696566568178553
Cox Comparable (Tuned),176,0.6477217533431981,0.10157114720221812,0.14086740630358982,0.16375809935376429,0.11918056391681853
Cox Comparable (Tuned),177,0.6565978164440548,0.09920193835497237,0.1359635584473547,0.15946217038302055,0.11558770863844012
Cox Comparable (Tuned),178,0.6481260452203683,0.09954783331965329,0.13743817931074234,0.16233622754849042,0.1164620257049098
Cox Comparable (Tuned),179,0.6513181786498847,0.10166026728558372,0.13870687294585718,0.1649093926991497,0.11884770909755828
Cox Comparable (Tuned),180,0.6597926683520041,0.09924119104247658,0.1337172283118345,0.1568757211082574,0.11378039063817522
Cox Comparable (Tuned),181,0.6533218176601938,0.10284333472871802,0.14056555491596043,0.1641736737701786,0.11938146806076186
Cox Comparable (Tuned),182,0.6544910135292028,0.09970150719739115,0.13533842029197599,0.16019312787858367,0.11546882877325551
Cox Comparable (Tuned),183,0.6508425096236818,0.09649837369770724,0.13218733006115013,0.15762326053243522,0.1127916809509027
Cox Comparable (Tuned),184,0.644747031023633,0.09935691911358902,0.1338491151632448,0.15903114025238307,0.11491418378270468
Cox Comparable (Tuned),185,0.6511492460878038,0.09770316877436885,0.13396090423831586,0.15819053173631217,0.11393763021444829
Cox Comparable (Tuned),186,0.6466703425335276,0.10120292719701311,0.1373651151718225,0.1647910063799715,0.11835096666594618
Cox Comparable (Tuned),187,0.6557561636212302,0.10441692871129145,0.14216442642844399,0.16518549792949194,0.12057821720102095
Cox Comparable (Tuned),188,0.6606304551511707,0.0977487987796788,0.13351171374041157,0.1583718814664941,0.11363304443903417
Cox Comparable (Tuned),189,0.6456386775180654,0.09741702776397859,0.13651840960723602,0.16090306068481164,0.11531905092476151
Cox Comparable (Tuned),190,0.6518574130926043,0.10640374067874052,0.14202681951968354,0.16696866849189854,0.12178515192982935
Cox Comparable (Tuned),191,0.6480798189423652,0.10048525816688327,0.13699259313409193,0.16257395991770254,0.11748721018349037
Cox Comparable (Tuned),192,0.6506019943653342,0.10161364904859882,0.1383877407251418,0.1612884046895423,0.11754571127852155
Cox Comparable (Tuned),193,0.6492463902388004,0.10237532477033454,0.14065772705624052,0.16408266604715116,0.1190080395993148
Cox Comparable (Tuned),194,0.6425430972170643,0.10295631720563939,0.13932803337943278,0.16471557415955726,0.11904238916062197
Cox Comparable (Tuned),195,0.6491215040744996,0.09987675008623391,0.13566421618834526,0.16232771136755864,0.11617172706832231
Cox Comparable (Tuned),196,0.6392013671287318,0.10117833806278431,0.1375581962874601,0.16285763930833191,0.11727918536767826
Cox Comparable (Tuned),197,0.6504200943282787,0.10464957198178285,0.1412728362134673,0.16616704838567442,0.12034375651896922
Cox Comparable (Tuned),198,0.6468079985387886,0.10353892710766593,0.13945509913988427,0.16208042427641633,0.11926734717297147
Cox Comparable (Tuned),199,0.6450316081117262,0.09681289488466498,0.13172129066729987,0.16032490381403744,0.11312832833354373
Cox Comparable (Tuned),200,0.6540900550945422,0.10169582392227679,0.13594419410291705,0.15865611120014797,0.11644234823175478
DeepSurv (Tuned),1,0.663086675784949,0.09716479046106305,0.13361009471420823,0.1574774429061317,0.11410740752262102
DeepSurv (Tuned),2,0.6636387711446943,0.09813986311392471,0.13533832510581192,0.16067305701575035,0.11542214537449137
DeepSurv (Tuned),3,0.6501549422839796,0.09830745612175816,0.13326183149967236,0.1588723769130394,0.1142898117090033
DeepSurv (Tuned),4,0.6704089630377336,0.09939045186420774,0.13365165856167102,0.15629008993050272,0.11461645246804919
DeepSurv (Tuned),5,0.6593053625583819,0.09490163685711736,0.13178679068514654,0.15748580535431522,0.11238043904080862
DeepSurv (Tuned),6,0.6634490561047903,0.0981966882179265,0.13215359543034672,0.15790036121193735,0.11382286909158623
DeepSurv (Tuned),7,0.6681558143581071,0.10113708847523514,0.13475628219138588,0.16016292905941626,0.11625239265083476
DeepSurv (Tuned),8,0.6577936687625779,0.09567393573671884,0.13338610336775014,0.15754327729990728,0.11243256084462
DeepSurv (Tuned),9,0.6627172192721101,0.09965413096230752,0.13705506195496225,0.16252905068714715,0.11700388928136131
DeepSurv (Tuned),10,0.6636954522116085,0.09542137586394739,0.13128789787136258,0.15734061074420536,0.11240005961084078
DeepSurv (Tuned),11,0.6608536711094412,0.0955281477746373,0.12911693537847888,0.15504280512645427,0.11156722148524563
DeepSurv (Tuned),12,0.6586821364950971,0.09746490286076519,0.13407441038096585,0.15728327500845724,0.11369976378327963
DeepSurv (Tuned),13,0.6611849341888968,0.10012614929922195,0.1346430921591505,0.15942321135524604,0.11504350570646225
DeepSurv (Tuned),14,0.6589478077278841,0.09839639629471278,0.13516507022867577,0.15939465094230207,0.11486808032889724
DeepSurv (Tuned),15,0.6584234601367163,0.09636763006011385,0.13351667387848684,0.158550848326779,0.11365775309564607
DeepSurv (Tuned),16,0.6712019441283843,0.10115460924986108,0.13512731936664032,0.15978193446392328,0.11668229455173457
DeepSurv (Tuned),17,0.6515357745773743,0.09681885990810304,0.13427334573371474,0.16089029136555041,0.11391069517719356
DeepSurv (Tuned),18,0.6537312097845553,0.09666150394508492,0.13418636380900403,0.15857513706740425,0.11292065402788261
DeepSurv (Tuned),19,0.65240094686172,0.09335247295859239,0.13307242222089516,0.15900842694721842,0.11167751021915724
DeepSurv (Tuned),20,0.6592194225461174,0.10088368935296824,0.13863610513583385,0.1634049843515634,0.11758440326608277
DeepSurv (Tuned),21,0.6603923523565679,0.0962051680400945,0.1313291684055054,0.15598214483564812,0.11207549112211722
DeepSurv (Tuned),22,0.6680075562059774,0.09713571521350897,0.13359970691473028,0.1582801131040873,0.11461448490212892
DeepSurv (Tuned),23,0.6640486814576799,0.09264964972429325,0.13105616035561904,0.15647830092511883,0.11092938970654019
DeepSurv (Tuned),24,0.6575116508894598,0.09428033109778307,0.13068070686199776,0.15509971835798664,0.11171445241696322
DeepSurv (Tuned),25,0.6533807214964438,0.093606524961658,0.1327892160258573,0.15830374238345424,0.11163927341771904
DeepSurv (Tuned),26,0.6740566405844161,0.09913478631430166,0.1323429250590059,0.155619193480003,0.11357096167279554
DeepSurv (Tuned),27,0.6738395053473913,0.09987881022980788,0.13476726754630325,0.15619230004359852,0.11530335316420301
DeepSurv (Tuned),28,0.6569737365458432,0.09518755463156825,0.13332874368692407,0.159830098741735,0.11340539817457648
DeepSurv (Tuned),29,0.6677916848010936,0.0945985486905115,0.1321759912670595,0.15690231491530587,0.11238152018369105
DeepSurv (Tuned),30,0.6652093661574254,0.09887116484321654,0.1339744884741216,0.15804891210272942,0.11418381149717585
DeepSurv (Tuned),31,0.6529465479531373,0.09931209962921513,0.13424792609077543,0.16148137618849254,0.11550276262663225
DeepSurv (Tuned),32,0.6549765623862508,0.09736222032838904,0.13611803466154968,0.1613223830968163,0.11541316124021471
DeepSurv (Tuned),33,0.6592975943468006,0.0962735259643331,0.13448619507317683,0.1590877024209385,0.11376602399677914
DeepSurv (Tuned),34,0.6566085505373542,0.09671247670503696,0.1331846416041868,0.1603185545079113,0.11406817160839391
DeepSurv (Tuned),35,0.668722027390966,0.0996755385794776,0.13465231291214663,0.1579908067112366,0.11546534425516042
DeepSurv (Tuned),36,0.661493588892935,0.09658214940889537,0.13287242257396029,0.15789094196176587,0.11349246273067445
DeepSurv (Tuned),37,0.6618719052113908,0.09592737729175557,0.13316345993659168,0.156448864425026,0.11303581127771359
DeepSurv (Tuned),38,0.6629645909508973,0.09862632614264144,0.13209550357555117,0.15560248344189376,0.11354000273827931
DeepSurv (Tuned),39,0.6721713037694684,0.10156418052894627,0.1351897695331316,0.15757773266206976,0.11583531471990438
DeepSurv (Tuned),40,0.6622211050520579,0.09819373869434696,0.13722973365794214,0.1615863015033616,0.11617410936258504
DeepSurv (Tuned),41,0.6712667653881198,0.09934830601110926,0.13307935284792385,0.15864202598471905,0.11443337412284767
DeepSurv (Tuned),42,0.6641830408086975,0.09917824182381466,0.13726844208365166,0.16061626130209491,0.11589079678519072
DeepSurv (Tuned),43,0.6573731590060758,0.0986685326011888,0.13557109998991404,0.16017887734949232,0.11635161459946332
DeepSurv (Tuned),44,0.6515042014438571,0.09607621296803232,0.13507903181391276,0.1599608520113456,0.11379915576737029
DeepSurv (Tuned),45,0.6679099205172135,0.09855920382114024,0.13772113706811095,0.16187704264813935,0.11686107385383859
DeepSurv (Tuned),46,0.6566010307777981,0.09314868248110789,0.13187149408455076,0.15838399724136656,0.11198775825308706
DeepSurv (Tuned),47,0.6645139549325777,0.09949069891304461,0.13583225338935884,0.16084929114764446,0.11551663285728696
DeepSurv (Tuned),48,0.6574335353088556,0.09332987411077741,0.1320557042520733,0.15697623434900837,0.11123308522246099
DeepSurv (Tuned),49,0.6567520967108678,0.09855573205638538,0.13683467533954927,0.16067792273146297,0.11547209607672794
DeepSurv (Tuned),50,0.649063779307286,0.09618019440896217,0.13160946524267514,0.1587667876826424,0.11264274899495015
DeepSurv (Tuned),51,0.6633377515370641,0.09914228293643308,0.13551624159159614,0.16046801815714373,0.11625914354022789
DeepSurv (Tuned),52,0.6662995317863153,0.09801729775572018,0.1364350798418025,0.15964261435898974,0.11592173193767402
DeepSurv (Tuned),53,0.6588450691934543,0.09741454319344518,0.13461835181110357,0.15962388117454,0.11492171960641567
DeepSurv (Tuned),54,0.6559074072758189,0.09820004511032578,0.13577122783060033,0.16002667421465008,0.11509421869692858
DeepSurv (Tuned),55,0.6687640654917958,0.09938205141920785,0.1376164232753982,0.1604962013157926,0.11662714341484212
DeepSurv (Tuned),56,0.6660638775382506,0.09725668696633583,0.13428173885940412,0.15972686448445544,0.11488870747393758
DeepSurv (Tuned),57,0.6634799197414453,0.0950360909879254,0.13191221670984227,0.15682489661247734,0.11233678284005923
DeepSurv (Tuned),58,0.6580196897420096,0.09863599598352997,0.1354863206663195,0.16155179947416973,0.11606199485076701
DeepSurv (Tuned),59,0.657627350566698,0.09472853683172448,0.13088612900567334,0.15612073192549336,0.11167410366890274
DeepSurv (Tuned),60,0.6572605997994597,0.1013983424638107,0.13600388325362808,0.16109385120242697,0.11683998725850046
DeepSurv (Tuned),61,0.6608656891265987,0.09539697356687322,0.1315272176817743,0.15609740421966187,0.1120635766144367
DeepSurv (Tuned),62,0.6550106992776752,0.09489116365226714,0.1315009922715202,0.15720918837422632,0.11190243470071207
DeepSurv (Tuned),63,0.64984003752541,0.09873571461901448,0.13886680863350825,0.1647695412086727,0.1180297664975924
DeepSurv (Tuned),64,0.6634970267308452,0.09962641927788497,0.13939343329352905,0.16518624573601054,0.11806802635078721
DeepSurv (Tuned),65,0.6581284868624064,0.09961880274163619,0.13419776387287727,0.16047618938020625,0.11577295528083609
DeepSurv (Tuned),66,0.6672906803597605,0.09549546997502749,0.1318592256156331,0.15478716406209655,0.11246801892423959
DeepSurv (Tuned),67,0.6565509040637488,0.09555762345776482,0.132566657639745,0.15713863791641206,0.11197695984377602
DeepSurv (Tuned),68,0.6634010179811157,0.09806559823747783,0.13399181691580062,0.157793590839782,0.11417826131922361
DeepSurv (Tuned),69,0.6629268180146254,0.0947388711393406,0.13340385810192967,0.15765683976396253,0.11306752189139453
DeepSurv (Tuned),70,0.6546811889444052,0.09688780427074525,0.13277213421046558,0.15710404744883494,0.11374306340097054
DeepSurv (Tuned),71,0.6623392082386328,0.10056399808191556,0.13618717908005656,0.16027963012959792,0.11615334412055618
DeepSurv (Tuned),72,0.6682341252428057,0.09918043529692125,0.13674775139524845,0.16003392929107083,0.11556187869487254
DeepSurv (Tuned),73,0.6653736784433253,0.09718152034322965,0.13399929838416097,0.15878577497490637,0.11439958980056654
DeepSurv (Tuned),74,0.6535455052620038,0.09854768278716775,0.1376625862976301,0.16272624625593923,0.11676169708494415
DeepSurv (Tuned),75,0.6633171233920668,0.09632985607501203,0.13304244406858323,0.1572579405976356,0.1132981072801764
DeepSurv (Tuned),76,0.6602998555713155,0.09412761728866147,0.13194163676152448,0.15659530832569998,0.11206620011597417
DeepSurv (Tuned),77,0.6546733038613821,0.09858897986490181,0.13516132683374085,0.16056271345338669,0.11552594057651978
DeepSurv (Tuned),78,0.6662225263854256,0.09720025701041313,0.13417697727444913,0.15942686903953177,0.11509455017262236
DeepSurv (Tuned),79,0.6701719696510217,0.09716322086723558,0.13340698894485048,0.15704574833590304,0.11384756225640333
DeepSurv (Tuned),80,0.6599239794509683,0.10148006306586234,0.1367601660790311,0.1601025890484229,0.11702163915551679
DeepSurv (Tuned),81,0.6579745751902197,0.09922636028165262,0.1361990470553655,0.15902963001466885,0.11541158197787911
DeepSurv (Tuned),82,0.6616410008630487,0.09858254402679291,0.13286680889701702,0.15686355346474548,0.11321027022278259
DeepSurv (Tuned),83,0.6692610903690287,0.09551402141241959,0.1331961734704139,0.1576305866656389,0.11296614482349403
DeepSurv (Tuned),84,0.6558673481539349,0.09548520729523492,0.13274264565167876,0.15790343802465967,0.11342653776502663
DeepSurv (Tuned),85,0.6568841779553145,0.10305793348074938,0.13598364367133095,0.1626568142526131,0.11807672962981064
DeepSurv (Tuned),86,0.6663058755995258,0.09613780161847274,0.13486764294626125,0.15877851628721001,0.11418497205323157
DeepSurv (Tuned),87,0.6619124981315659,0.0985409334759121,0.13498413249006022,0.15824004040341075,0.11479923021595187
DeepSurv (Tuned),88,0.6605010887727798,0.0984774179647897,0.13324537175880732,0.15790444299316117,0.11453404929518539
DeepSurv (Tuned),89,0.6745654631300664,0.10206810657069694,0.13346917020234667,0.15630424559531628,0.11513173370548611
DeepSurv (Tuned),90,0.6553979646491698,0.09750025444095536,0.13427971670006292,0.15857480957686615,0.11413815368463635
DeepSurv (Tuned),91,0.6635361375138872,0.0999832937951109,0.13643186687093242,0.1597995823681565,0.11654843105697729
DeepSurv (Tuned),92,0.6532376285426652,0.1001000454736815,0.13640694981743712,0.16039342484745017,0.11610650289243045
DeepSurv (Tuned),93,0.6562790912744887,0.09978982701538355,0.1360528410949655,0.16145361785663,0.11646539439055875
DeepSurv (Tuned),94,0.6586312594924064,0.09773932450662196,0.1350370765260917,0.16168023263666145,0.11542583844783808
DeepSurv (Tuned),95,0.6632481123910962,0.10005842208693834,0.13534007279578802,0.1597164479214491,0.11588145186415064
DeepSurv (Tuned),96,0.6668843700834454,0.09425341781189792,0.13072116586131746,0.15493624450206012,0.11186049663330433
DeepSurv (Tuned),97,0.6635718136428078,0.0947503717972531,0.13497233946052092,0.15902068358119617,0.11343220248469749
DeepSurv (Tuned),98,0.6608249639380201,0.09598809139011355,0.13111682743990055,0.15797566311400846,0.1123984299789718
DeepSurv (Tuned),99,0.6625166591367188,0.09893793300641011,0.13390207583217742,0.1582561826229112,0.11472093444556425
DeepSurv (Tuned),100,0.6557542845252853,0.09810762049919718,0.13569140027604487,0.16034139676181705,0.11561659830429956
DeepSurv (Tuned),101,0.6649716854784677,0.09925554023795692,0.13514293171264655,0.15787722420780484,0.11440073473983095
DeepSurv (Tuned),102,0.6679904519309052,0.09878624683783041,0.13505083855450362,0.15795653301164886,0.11494697371970004
DeepSurv (Tuned),103,0.6624064589091777,0.0960495205227707,0.13298556784336923,0.15688452604803552,0.11276371740069782
DeepSurv (Tuned),104,0.6582742289885503,0.09633953387759653,0.13404434281146102,0.15917700707645932,0.11369320006080955
DeepSurv (Tuned),105,0.6603975460946977,0.10117466744897695,0.13658614470775768,0.16095257053633533,0.11679230090051879
DeepSurv (Tuned),106,0.6583374628044562,0.09973402935790035,0.13750652984422762,0.15989542821519173,0.11585697914399226
DeepSurv (Tuned),107,0.6467404402516997,0.09729228426206447,0.13412020740687516,0.16067333047190901,0.11450963593130593
DeepSurv (Tuned),108,0.6549830590577976,0.10014087325029994,0.13709722058625476,0.15966646194979803,0.11620634723467137
DeepSurv (Tuned),109,0.6618196706509327,0.0980127260195081,0.1362290375952117,0.1616344995594929,0.11624460662634971
DeepSurv (Tuned),110,0.6589114756225872,0.09590654214449526,0.13228310280310512,0.15609016134320836,0.11229909476571726
DeepSurv (Tuned),111,0.6628160376258498,0.09893553395750293,0.13257816897999855,0.15866646592612335,0.11424090057670255
DeepSurv (Tuned),112,0.6617931871240982,0.09790370430702786,0.136606816610257,0.16214331938326138,0.11641458592565225
DeepSurv (Tuned),113,0.6763751200400429,0.09778174715219141,0.13244733554187496,0.15685539343636684,0.11450943616224096
DeepSurv (Tuned),114,0.653413568444237,0.09824451048930707,0.13504759784319506,0.16189594315042563,0.1153469317915904
DeepSurv (Tuned),115,0.654992184533971,0.09768356417760543,0.13458691698216627,0.15898238417355945,0.11436275080584896
DeepSurv (Tuned),116,0.665007426530832,0.09805576633295464,0.13152526963564765,0.15599259543240915,0.1128545492447433
DeepSurv (Tuned),117,0.6582187903585142,0.10202174328107758,0.13600992806984116,0.1588275906268218,0.11686673147624754
DeepSurv (Tuned),118,0.6654011064880959,0.09554163809500336,0.13125072196665544,0.1565331242046308,0.11210634174768173
DeepSurv (Tuned),119,0.6689610615996975,0.09883587966300415,0.13432436032183168,0.1602356854088055,0.11545643080148911
DeepSurv (Tuned),120,0.6535690382615943,0.09523552951443746,0.1319374190541756,0.15948351631781602,0.11301983242059865
DeepSurv (Tuned),121,0.6711879573601168,0.09610072197518976,0.13192649556278563,0.15671091469117263,0.11377597419524299
DeepSurv (Tuned),122,0.6564457865566059,0.09489579433230612,0.13460957550201574,0.1575359928306991,0.11278908064390646
DeepSurv (Tuned),123,0.6681687726731991,0.09779052596348656,0.1335204688487387,0.1576689262820849,0.11378605302987556
DeepSurv (Tuned),124,0.6472852354107553,0.09599401244231676,0.13472554242612345,0.15991393036897647,0.11351233001823013
DeepSurv (Tuned),125,0.662436463935685,0.1025966233196681,0.1389715580040059,0.163242482579112,0.11888091526453554
DeepSurv (Tuned),126,0.6517421276891602,0.10001142373131768,0.13798527920331596,0.16454009289000956,0.11751111336353325
DeepSurv (Tuned),127,0.6572078944330851,0.10262788188515934,0.13817951798539285,0.16115719698360934,0.11818341240614433
DeepSurv (Tuned),128,0.6527099341824422,0.09491403282653309,0.13355953609898777,0.16034745471852324,0.11358037560196838
DeepSurv (Tuned),129,0.6563741259425764,0.09585386750540124,0.13256270934012945,0.1599317069284295,0.1132827685642558
DeepSurv (Tuned),130,0.6644470373945905,0.10269329869135282,0.14034817973598787,0.1636516587501799,0.1199253141195341
DeepSurv (Tuned),131,0.6647577858005731,0.09515503452009023,0.13374531006817592,0.158583967591289,0.1133939104977128
DeepSurv (Tuned),132,0.6577263831591259,0.09682500997834967,0.13541620498253373,0.16085522342276481,0.11441479603990631
DeepSurv (Tuned),133,0.665767547266768,0.09998287389392102,0.1354246728936612,0.15905720651589314,0.11580071331966617
DeepSurv (Tuned),134,0.6678921761471618,0.0976618264297922,0.13435196298334692,0.1579654593758681,0.11401897702458844
DeepSurv (Tuned),135,0.6717716745905112,0.0962734433662637,0.13280439352478912,0.15737400249891823,0.11394719399815392
DeepSurv (Tuned),136,0.6611301405065441,0.09570921817354708,0.13271168134937614,0.15722420081887029,0.1127249232170794
DeepSurv (Tuned),137,0.6589546724752299,0.09244620203510175,0.12910289866527788,0.1555476903091595,0.11048753069431981
DeepSurv (Tuned),138,0.6654364113664002,0.097112021914337,0.13123073357177542,0.1558485517926583,0.11211120347508662
DeepSurv (Tuned),139,0.6608876939104599,0.09865944002657172,0.13323930731879985,0.1593387924900768,0.1150080267676143
DeepSurv (Tuned),140,0.6650224765986673,0.09647371904773823,0.13457278938705936,0.15854549995006803,0.11329102991564778
DeepSurv (Tuned),141,0.6476799927259929,0.09723032388965228,0.13491436125059594,0.16172363302030465,0.11559761648351832
DeepSurv (Tuned),142,0.6647448896900935,0.09668922904644885,0.13113626810408546,0.15597382910766425,0.11268922601139061
DeepSurv (Tuned),143,0.6532158659788689,0.10319232040436493,0.14179131167804074,0.1638049701242945,0.11972860048126459
DeepSurv (Tuned),144,0.6607978364917215,0.0952492279824739,0.1325720666077175,0.1575095824797086,0.11267084589518886
DeepSurv (Tuned),145,0.6691157056968035,0.10006123966684999,0.136308512853128,0.15910026566385999,0.11640802803526644
DeepSurv (Tuned),146,0.6642589799684511,0.0981859758675041,0.13265196873082524,0.15724550192635306,0.11395579145462902
DeepSurv (Tuned),147,0.66794845781783,0.09883511612202805,0.13485089789096863,0.1571350095820511,0.11467262463099814
DeepSurv (Tuned),148,0.6526944342402571,0.09991519014364371,0.13652440574627697,0.16290463403819838,0.11734032865424317
DeepSurv (Tuned),149,0.6575458584335062,0.09987889144143795,0.13667714478359275,0.1606923669912043,0.11668102384558297
DeepSurv (Tuned),150,0.6623491814846896,0.09246403642904397,0.13043068090550036,0.15414815422601688,0.10998306554541731
DeepSurv (Tuned),151,0.656569701824007,0.09688554852407773,0.13342427276611463,0.15896083250887777,0.11329513346499435
DeepSurv (Tuned),152,0.6599492845713564,0.09901587611311378,0.13718258433200275,0.1607981586936968,0.11660981523186723
DeepSurv (Tuned),153,0.6709456376560158,0.09937428887634271,0.13490135530953667,0.1591817306746285,0.11568489300062892
DeepSurv (Tuned),154,0.6566493699525743,0.09431228866532655,0.1333576898251947,0.15838068626836863,0.11200920596415256
DeepSurv (Tuned),155,0.6617734480564419,0.09824725371815052,0.1355708447874699,0.15712228238851766,0.11500695635959196
DeepSurv (Tuned),156,0.6552805889810945,0.09873770555564404,0.13711072916466907,0.16042723717996965,0.11576929228240164
DeepSurv (Tuned),157,0.6697473994473628,0.10023389433902068,0.13774314644209285,0.16135649740068342,0.11728075511206423
DeepSurv (Tuned),158,0.6678275032491402,0.0999943271660024,0.13686464609341037,0.1593075652679039,0.11646109048221376
DeepSurv (Tuned),159,0.6629695111542753,0.0977186458219009,0.13422816020221146,0.1583838441487883,0.11392465361966184
DeepSurv (Tuned),160,0.6569967323842248,0.09459329867187369,0.13211335979298056,0.15822019888848718,0.11227904666581964
DeepSurv (Tuned),161,0.662071128578656,0.09800928382850843,0.13410466921925354,0.1586908822063017,0.11473789742934483
DeepSurv (Tuned),162,0.6679380538891536,0.1032204541485492,0.137368878383106,0.1606365729924326,0.11804997519718617
DeepSurv (Tuned),163,0.6640329604323508,0.10047910530676901,0.13675958796522206,0.1608906313459422,0.11723289076393945
DeepSurv (Tuned),164,0.6615121222654595,0.09810799027732348,0.13506773622190496,0.15919044375295588,0.11493322999752563
DeepSurv (Tuned),165,0.6645397222894273,0.09911806110569356,0.1360485692571022,0.1589882181949033,0.11553585478474825
DeepSurv (Tuned),166,0.6572287264831804,0.09399779882284269,0.13275652161712392,0.15642191516075488,0.1116257309721992
DeepSurv (Tuned),167,0.6532446353238133,0.09552366199506623,0.13332670507081473,0.1607310051587386,0.1135469240873003
DeepSurv (Tuned),168,0.6659029573119173,0.09688759782378732,0.13410277263930065,0.15852852285074334,0.11425412157366466
DeepSurv (Tuned),169,0.6613129311178151,0.09434327383530927,0.13129838957980405,0.15694288169427656,0.11200941979700124
DeepSurv (Tuned),170,0.6521179179959146,0.09512306701828857,0.13180220286081926,0.15501936830389668,0.11103777355045828
DeepSurv (Tuned),171,0.6615014554520222,0.0997312243375732,0.13734966255749928,0.16251832126188884,0.11690481800897891
DeepSurv (Tuned),172,0.6626481353372464,0.10068732168002631,0.13690642580343393,0.16164386842328282,0.11724351382738812
DeepSurv (Tuned),173,0.6575314317235355,0.0983780710463126,0.1378093337148285,0.16104263749257808,0.11645768637857247
DeepSurv (Tuned),174,0.6616336715684409,0.09928140268565872,0.13479801637584374,0.15978903139548725,0.11557216545996314
DeepSurv (Tuned),175,0.6557755410302327,0.09509740918385241,0.13339883577313852,0.15597473552732027,0.11239547823541919
DeepSurv (Tuned),176,0.6600259084104079,0.09548761488343023,0.13464807032013265,0.15866410959213598,0.11373830714195912
DeepSurv (Tuned),177,0.6553220598498971,0.09769970054982638,0.13280337654368804,0.1602168082951641,0.11326023972494377
DeepSurv (Tuned),178,0.6567723166758892,0.09663177628474602,0.1343722014988851,0.15783246249883057,0.11439537207396673
DeepSurv (Tuned),179,0.6469914431313639,0.10206748523272222,0.14046451448408806,0.1653173512721942,0.11958812080156064
DeepSurv (Tuned),180,0.662280239846975,0.097597759752678,0.1338092968013022,0.15713091552117112,0.11361101282831805
DeepSurv (Tuned),181,0.6590980089470527,0.10103906691338492,0.1361328655572485,0.1615403461803921,0.11740852136625964
DeepSurv (Tuned),182,0.6485195237215661,0.09855962528538563,0.13573076352499328,0.16047812681158563,0.11535556537629017
DeepSurv (Tuned),183,0.6658179528318463,0.10084254489319201,0.13666310813312668,0.15926218704260173,0.11666209432490972
DeepSurv (Tuned),184,0.660961197859072,0.09879656617898061,0.13585697057347332,0.1612139130404536,0.11610037659419284
DeepSurv (Tuned),185,0.6692837180001326,0.09518419171835175,0.13156950392375097,0.15464368236217743,0.11183056157850511
DeepSurv (Tuned),186,0.6653166477885568,0.09462451973545236,0.132454662101377,0.15777497404869176,0.11320085613332273
DeepSurv (Tuned),187,0.6598125451861879,0.09628384672933564,0.13401165745789168,0.15930900687463276,0.11377793860188355
DeepSurv (Tuned),188,0.6592114309926642,0.09568260960794941,0.13141903578798364,0.15634435972713046,0.11186312049544833
DeepSurv (Tuned),189,0.651157374050426,0.09982513256032163,0.13773485336461164,0.16217448878687704,0.11763959279412678
DeepSurv (Tuned),190,0.6507553736197196,0.099256689925388,0.13506697300778306,0.16064349271685657,0.1153111495910097
DeepSurv (Tuned),191,0.6684608760137436,0.09985907057830262,0.13554523470308896,0.15945765425893277,0.11642510696924123
DeepSurv (Tuned),192,0.6669239667293826,0.09857925290539556,0.13437115329039356,0.1571655114937389,0.11457114907031576
DeepSurv (Tuned),193,0.6482710813308397,0.10053629003770387,0.13886248328346656,0.16356614019366614,0.11833006328573717
DeepSurv (Tuned),194,0.6665219485559556,0.09439714383373282,0.13074752202879703,0.15617682768407345,0.11148902492321816
DeepSurv (Tuned),195,0.6648241380249923,0.1009223894620588,0.13866884106044594,0.16099921014697016,0.11785167229508489
DeepSurv (Tuned),196,0.6639355523239966,0.09658875520120624,0.1316750892542058,0.1569716047764947,0.11330496328897642
DeepSurv (Tuned),197,0.6629945525090197,0.09801645629166474,0.1347175934238431,0.15767847958866055,0.11455801762796788
DeepSurv (Tuned),198,0.6593155803429706,0.0912877380231814,0.13276219803090522,0.16017142209239843,0.1121684577063694
DeepSurv (Tuned),199,0.6652152483853855,0.09763783452511157,0.13532103783638832,0.15852064235513086,0.11454269517680803
DeepSurv (Tuned),200,0.663822075039989,0.0986796064264525,0.133937251258853,0.15840549037880916,0.11494082118359226
Random Survival Forest (Tuned),1,0.6821087899520114,0.0954286736482411,0.13529173985993687,0.15989186290968688,0.11376664050337482
Random Survival Forest (Tuned),2,0.6669683463658241,0.0965538291739739,0.1345735450858044,0.159300362524818,0.11337711625892813
Random Survival Forest (Tuned),3,0.6712195177536778,0.09493848422549887,0.13538176651263367,0.1578475846804728,0.11367843475639626
Random Survival Forest (Tuned),4,0.669235692663601,0.09949805763369875,0.13870506648325193,0.1640783405150765,0.11663385375066238
Random Survival Forest (Tuned),5,0.6796164300406197,0.093940730501905,0.1315850388790267,0.15667486090781108,0.11179244829930221
Random Survival Forest (Tuned),6,0.6661220292361582,0.0948605800938706,0.13260551523485092,0.15694374314419643,0.11128432902663295
Random Survival Forest (Tuned),7,0.6750912658272887,0.09685636399291643,0.13511136084405623,0.15909699226247342,0.11363202829695443
Random Survival Forest (Tuned),8,0.6669878806196794,0.09585553988689105,0.13311208216777143,0.15857264585219225,0.11200191409726314
Random Survival Forest (Tuned),9,0.6747691401023165,0.09433713730644475,0.12939944156724068,0.15470676895900887,0.10993724277030184
Random Survival Forest (Tuned),10,0.679406093531107,0.09288801312208207,0.1302927731719817,0.15739484495373632,0.11035715545655506
Random Survival Forest (Tuned),11,0.668556661964286,0.09512615875300687,0.1367022600807893,0.1621386321364861,0.11376975880868741
Random Survival Forest (Tuned),12,0.6694434066618129,0.09904354302345486,0.13610681406649336,0.15919959458202657,0.11484191455667965
Random Survival Forest (Tuned),13,0.6740375161700338,0.0940674964333061,0.1312815198528803,0.1570167827559356,0.11044239112820534
Random Survival Forest (Tuned),14,0.6732296891516951,0.0978171926028853,0.1352499564077306,0.15856777915555162,0.11451173990367979
Random Survival Forest (Tuned),15,0.6736349219555269,0.0935327603806911,0.1332905172966812,0.1567241582570818,0.11095433112408776
Random Survival Forest (Tuned),16,0.6730510715686839,0.09109731488169151,0.1289547322712712,0.15179278327411988,0.10785014979360638
Random Survival Forest (Tuned),17,0.6749535003189696,0.09497037157267237,0.1320882401571549,0.15650092263764998,0.1109863111844408
Random Survival Forest (Tuned),18,0.6635305133437417,0.10041819187454262,0.13961537506999197,0.16412635557593583,0.11705319082631051
Random Survival Forest (Tuned),19,0.6540492557569204,0.09640360671283471,0.13595610156001578,0.16262348808251598,0.11412725341415617
Random Survival Forest (Tuned),20,0.6733347297590294,0.09213874008597223,0.13130061414613242,0.156976948177864,0.11066503039702746
Random Survival Forest (Tuned),21,0.6873522452625026,0.09658098898857595,0.13492474144863706,0.1574507428329388,0.11320364885250471
Random Survival Forest (Tuned),22,0.6720584930162916,0.09622792924289646,0.13462083534691,0.1585521495097573,0.11357632373367446
Random Survival Forest (Tuned),23,0.6655725000277544,0.09687019794608509,0.1356915549967032,0.16019025756792515,0.11369326033194437
Random Survival Forest (Tuned),24,0.6842423008738273,0.09772390594466664,0.13485022043753708,0.15978687121745822,0.11497634205957459
Random Survival Forest (Tuned),25,0.6703860312796327,0.09738035905669896,0.13773302646449992,0.16071525491133576,0.11533490572409097
Random Survival Forest (Tuned),26,0.6785996048871153,0.09701083195900087,0.1341084859494377,0.1595050617482946,0.1135854245103007
Random Survival Forest (Tuned),27,0.6666563665650657,0.09044331504156938,0.12791266431456408,0.1538414119563133,0.10834390466256619
Random Survival Forest (Tuned),28,0.674191936780289,0.09129023220329908,0.13219389962822065,0.15842694733614915,0.1106419458132749
Random Survival Forest (Tuned),29,0.6661497359381594,0.09877875727173353,0.13961555473306783,0.16409011648651664,0.11714794252500005
Random Survival Forest (Tuned),30,0.6730922488155787,0.09464603349468122,0.1338289938163605,0.15759657272721983,0.11263066033813005
Random Survival Forest (Tuned),31,0.6706680169225,0.09292503224823381,0.13006460087684746,0.1559823936519738,0.10982736457535748
Random Survival Forest (Tuned),32,0.6846990224408644,0.09592221957702747,0.13178269013241503,0.15547995526904793,0.11158732105996053
Random Survival Forest (Tuned),33,0.6673747096234437,0.09632022198143568,0.1358106960953439,0.1614235483766821,0.11476691638701887
Random Survival Forest (Tuned),34,0.6772980630241763,0.09107969823305392,0.13039620672680918,0.15543351036216738,0.10933421750994551
Random Survival Forest (Tuned),35,0.6673393624859886,0.09277197979969325,0.132850134900133,0.15796236319069243,0.11117774486717957
Random Survival Forest (Tuned),36,0.6631421606863569,0.09404956931104731,0.1336301036836589,0.15921751197882153,0.11211170171408968
Random Survival Forest (Tuned),37,0.6752734548699848,0.09516503182179237,0.13306544416935523,0.1575317833947037,0.11224239704957724
Random Survival Forest (Tuned),38,0.6778516915961519,0.0953369971643999,0.13428488532242436,0.15786863952108768,0.11311641383104133
Random Survival Forest (Tuned),39,0.6844265748861973,0.09357553871742359,0.1300050527966811,0.15562374805064372,0.11033509947124528
Random Survival Forest (Tuned),40,0.6771433259243086,0.09542752871539822,0.1323521476256138,0.15593410727120205,0.11197150208421792
Random Survival Forest (Tuned),41,0.6765721167823847,0.0983611282571306,0.13545564912751568,0.15996832664435934,0.11514215348385734
Random Survival Forest (Tuned),42,0.6692762766761887,0.09337165105218337,0.13395288322997362,0.15935751747615828,0.11199394208298363
Random Survival Forest (Tuned),43,0.6623071284710941,0.09201692937349161,0.13042057651605113,0.15659959497296677,0.1093523572646389
Random Survival Forest (Tuned),44,0.6861477602776125,0.09749897653666939,0.13340521482510073,0.15769298208670032,0.11337727182501901
Random Survival Forest (Tuned),45,0.6640597976218567,0.09287282197409205,0.13162712050169617,0.15851396160482184,0.11092494027401886
Random Survival Forest (Tuned),46,0.6714950260888288,0.09650968553173063,0.13194183209377858,0.15642703296596194,0.11190890183512872
Random Survival Forest (Tuned),47,0.6774228029731532,0.09539711439281946,0.1338513995851806,0.15791246614639626,0.11223141813264687
Random Survival Forest (Tuned),48,0.6745452993299743,0.0955279751949335,0.1335830257523042,0.15837937407158434,0.1127450261019946
Random Survival Forest (Tuned),49,0.6727027193307529,0.09692664744350778,0.1350911293843744,0.15910753866065233,0.11414525964082854
Random Survival Forest (Tuned),50,0.6749850991443427,0.09435726935044583,0.1308496625788078,0.1558344830118168,0.11082110846242367
Random Survival Forest (Tuned),51,0.6748496137152169,0.09646436087988278,0.13334169361714318,0.15772865983068426,0.11258068587472056
Random Survival Forest (Tuned),52,0.6762609457816621,0.09411455352390602,0.1322547561235884,0.1553298476694163,0.11065191774144069
Random Survival Forest (Tuned),53,0.666925022724505,0.0914696138424066,0.13016638132493227,0.15713058211152395,0.11039891860962736
Random Survival Forest (Tuned),54,0.6574557246252732,0.0953299953542974,0.1351650337412824,0.15971346071265477,0.11290539667577472
Random Survival Forest (Tuned),55,0.6634148680828917,0.09434507323090902,0.13247024056525034,0.15733736012263028,0.11084899247409206
Random Survival Forest (Tuned),56,0.664031641787071,0.09441334830049067,0.13237044058399358,0.15754952549362056,0.11164030246824816
Random Survival Forest (Tuned),57,0.6738716792231288,0.0938487915690317,0.1341414393294828,0.1595303508094559,0.11278056844430866
Random Survival Forest (Tuned),58,0.666547318370658,0.09502864224050747,0.13280976750699314,0.16145250390681404,0.11284246318877408
Random Survival Forest (Tuned),59,0.6678366745336194,0.09462681888098785,0.13272194679047858,0.1574949451640183,0.11160131121159621
Random Survival Forest (Tuned),60,0.675402607537859,0.09435813042952362,0.13322567620302914,0.15860407776268448,0.11193901252979585
Random Survival Forest (Tuned),61,0.6712566369141127,0.09153096899535991,0.13110366541212898,0.1556177374807857,0.10931244069897426
Random Survival Forest (Tuned),62,0.6853585655726118,0.0953390414657747,0.13254376457967829,0.15517734991719473,0.11171487786772925
Random Survival Forest (Tuned),63,0.6651597570468275,0.09690008337757738,0.1332125781313428,0.159959112291695,0.11379833706060187
Random Survival Forest (Tuned),64,0.6810299971592707,0.09459122782989354,0.13093646138011367,0.15504026275928315,0.11083445781473168
Random Survival Forest (Tuned),65,0.6831632910414623,0.09212943918597534,0.128517088309685,0.15335439975682325,0.10862979293525352
Random Survival Forest (Tuned),66,0.6660131148187111,0.09773557526253525,0.13674325897581885,0.16193137823114434,0.11475159384490158
Random Survival Forest (Tuned),67,0.6876314083643591,0.09847201133876915,0.13280323039660227,0.15759344499990144,0.11328212750988267
Random Survival Forest (Tuned),68,0.6744970870154903,0.09522381584061786,0.13458009379648925,0.15746739144026647,0.11242704079363731
Random Survival Forest (Tuned),69,0.6627166992673429,0.09566865007796285,0.13688910782650748,0.16036321830894723,0.11335349293496845
Random Survival Forest (Tuned),70,0.6676922013274337,0.09581369364800786,0.13409287806734094,0.15921919573629342,0.11291924301723069
Random Survival Forest (Tuned),71,0.668136628957748,0.09288848683841053,0.1307790662064067,0.1572754348743365,0.1106057746637879
Random Survival Forest (Tuned),72,0.6753391097081651,0.09634364107768892,0.13436686141925383,0.15778685981219104,0.11288897654253476
Random Survival Forest (Tuned),73,0.6728658994283765,0.08850458664449314,0.1274662120576773,0.1526979492322603,0.10705040590671243
Random Survival Forest (Tuned),74,0.6713399469114909,0.09037279595850502,0.13195553013331354,0.15824999836501144,0.1101034765603502
Random Survival Forest (Tuned),75,0.6737834264009177,0.09395281495808291,0.13179028706973947,0.15598091545337134,0.11097234272500704
Random Survival Forest (Tuned),76,0.6777595770841155,0.09332647167700722,0.1310067174655269,0.15830311782143766,0.11111892750450605
Random Survival Forest (Tuned),77,0.683008155885747,0.09660593908069057,0.13164958230652546,0.15465494758046286,0.11204055339375169
Random Survival Forest (Tuned),78,0.6691379669549338,0.09284753366871713,0.1317320178616499,0.15639011233928585,0.11043492405669457
Random Survival Forest (Tuned),79,0.6731571758207906,0.09435434004788591,0.13388782532610582,0.15916911642145407,0.11251518107956834
Random Survival Forest (Tuned),80,0.6789679108883501,0.09713594640409542,0.13465780513715736,0.16063691759748105,0.11449295749356445
Random Survival Forest (Tuned),81,0.6789820542011513,0.0936565361443195,0.13152363001544104,0.1566009650938937,0.11122891482960673
Random Survival Forest (Tuned),82,0.6657679601718488,0.09476972252811496,0.13684085377723906,0.16192295168276644,0.11443596575630756
Random Survival Forest (Tuned),83,0.6755981880257165,0.09546564274839638,0.13722475192722416,0.15840654716482885,0.11376794184275321
Random Survival Forest (Tuned),84,0.6680633676509091,0.0972265507107944,0.1371741285042789,0.16105164763636953,0.11519037586515338
Random Survival Forest (Tuned),85,0.6774146921151327,0.09294677669536151,0.13190792659298978,0.15614948475112037,0.11058366152859209
Random Survival Forest (Tuned),86,0.6675912343212206,0.09387488407994612,0.13463875531516206,0.1567056843593843,0.11169930878098114
Random Survival Forest (Tuned),87,0.6768532293384593,0.09475429608938897,0.13117348749028282,0.15525084589486246,0.11049050692501622
Random Survival Forest (Tuned),88,0.6724919855895394,0.09573053672712695,0.1333141086756899,0.15898474624314493,0.11242664054592523
Random Survival Forest (Tuned),89,0.6784681773110887,0.09195220559403137,0.13050557175514857,0.1557763383237545,0.10998270247777521
Random Survival Forest (Tuned),90,0.6618708575839939,0.09328037941775028,0.13064513177207962,0.15525345807712,0.10901213894019218
Random Survival Forest (Tuned),91,0.6665618716712121,0.09467758447981448,0.133471645511555,0.1577262974453426,0.11202340405151043
Random Survival Forest (Tuned),92,0.6778966479838835,0.09180210805025313,0.12942054772820444,0.15453700404822004,0.10915144032623729
Random Survival Forest (Tuned),93,0.6748667747683437,0.0965052442979677,0.1351973040753282,0.1596748738058951,0.11320677211579785
Random Survival Forest (Tuned),94,0.6750260122954286,0.09484229351118084,0.13419247655328959,0.16020264962173209,0.11293378175107688
Random Survival Forest (Tuned),95,0.6690364330340183,0.09401582436776176,0.13151876558647452,0.15690578157802795,0.11008301261353562
Random Survival Forest (Tuned),96,0.6823603018135254,0.0957904594903866,0.13171216071007788,0.1567711835798159,0.11231617972776146
Random Survival Forest (Tuned),97,0.6740159202710264,0.0886511062063227,0.12820556226815294,0.15361700654124807,0.10694880659849773
Random Survival Forest (Tuned),98,0.6729225484858632,0.09739008296883872,0.13699554301429065,0.1627857965919913,0.11522183104365456
Random Survival Forest (Tuned),99,0.6790672711686546,0.0943308550253521,0.12997856906294755,0.15417306417942686,0.11001354592078816
Random Survival Forest (Tuned),100,0.6779559346284145,0.09657994077632634,0.13460312095404697,0.15819928041230447,0.11343665905778018
Random Survival Forest (Tuned),101,0.6788365037084362,0.09155011713401609,0.12832452990761278,0.15249331584912723,0.10865524397205888
Random Survival Forest (Tuned),102,0.6648816009353093,0.09262016272100619,0.1319444636322746,0.15690475277150265,0.11029960586290675
Random Survival Forest (Tuned),103,0.6863446702001653,0.091473699895472,0.12622204906874876,0.15221743552546108,0.10716263071272947
Random Survival Forest (Tuned),104,0.6786724238921478,0.09294953494962206,0.12974289205842096,0.15420370606607364,0.10933533251570554
Random Survival Forest (Tuned),105,0.6818486433165347,0.09601442855243761,0.13459651207291623,0.15667376087056512,0.1129051559498939
Random Survival Forest (Tuned),106,0.6743675293122556,0.09463728495483878,0.13277326325242622,0.1568631572146199,0.11151996563894877
Random Survival Forest (Tuned),107,0.6851018637462146,0.09169698194493749,0.12596645477062351,0.15098598231475988,0.1080021156718335
Random Survival Forest (Tuned),108,0.6784099879928989,0.09052495962947658,0.12814933370608578,0.15212172235096183,0.10810005939775888
Random Survival Forest (Tuned),109,0.6769103544262792,0.09625573253428911,0.13332279133383282,0.15934627423484307,0.11344597160197732
Random Survival Forest (Tuned),110,0.6671364987594184,0.09719911935041085,0.13646934884691947,0.16273582711494833,0.11472745906282784
Random Survival Forest (Tuned),111,0.6691431964566724,0.09693460358716913,0.13413729154460524,0.15922018169077132,0.11307082779911587
Random Survival Forest (Tuned),112,0.6709501172174317,0.09656098866321046,0.13583147305317791,0.1615783096665073,0.11404710792347496
Random Survival Forest (Tuned),113,0.6756899726659378,0.09330585551669401,0.13241074833246702,0.1554357395782383,0.11094870757805092
Random Survival Forest (Tuned),114,0.6740220497817567,0.09264870177294329,0.13081884470446092,0.15409569707016807,0.10904788461766249
Random Survival Forest (Tuned),115,0.6698178381022919,0.09710425543640602,0.13397102267689665,0.15758710315865526,0.1129933310359832
Random Survival Forest (Tuned),116,0.663807453284784,0.09399209939677627,0.13553849689000244,0.1587503800412861,0.11199629565998734
Random Survival Forest (Tuned),117,0.6645890134142158,0.09306184939458839,0.1318166570336693,0.1548642567167566,0.11010349846924031
Random Survival Forest (Tuned),118,0.6529629950086623,0.09432801957048968,0.13138788479423077,0.15649751665121442,0.1113630287891055
Random Survival Forest (Tuned),119,0.6709184937837546,0.09652804844960217,0.13367793923694246,0.15779010657370843,0.11276035768590219
Random Survival Forest (Tuned),120,0.675502413468391,0.0951107813979792,0.13351663313291234,0.1575432827876181,0.11265903688420857
Random Survival Forest (Tuned),121,0.6704053716871823,0.0956982835248419,0.13420388139270972,0.15708424170510443,0.11183836553415932
Random Survival Forest (Tuned),122,0.6706018310145679,0.09480798320582892,0.13615985239325704,0.15972888788006878,0.11394773642198984
Random Survival Forest (Tuned),123,0.672331299129104,0.095235038021102,0.13506605886056425,0.15885087216899407,0.1127522747099101
Random Survival Forest (Tuned),124,0.6724912742717769,0.0931776263069902,0.13097346673766874,0.15792169102958123,0.1102131261294996
Random Survival Forest (Tuned),125,0.6767637325077792,0.09694096571520283,0.13652718535325978,0.15904448292106935,0.11410449177798268
Random Survival Forest (Tuned),126,0.6764026100647373,0.09192316643439938,0.1291067593253039,0.15569158387032303,0.10992878172384139
Random Survival Forest (Tuned),127,0.6679859845893329,0.09610626336920507,0.13509966134438323,0.15952127964219434,0.11382011742121004
Random Survival Forest (Tuned),128,0.672913865500489,0.09462967975450814,0.132978977572613,0.15797129818648867,0.11193151946880417
Random Survival Forest (Tuned),129,0.671267349447595,0.09682715544030777,0.13500712530283251,0.1591182621138656,0.11343481539934339
Random Survival Forest (Tuned),130,0.6788881968616545,0.09294664475138978,0.13082822604233052,0.1562707829387247,0.11025920148880396
Random Survival Forest (Tuned),131,0.6686614586849181,0.09464633142857268,0.13299681466517052,0.15837967937648054,0.112360698412664
Random Survival Forest (Tuned),132,0.6702472552950084,0.0974165487669947,0.13718365835025145,0.1600860516637875,0.1146495516832132
Random Survival Forest (Tuned),133,0.6755842228794117,0.09608652386902275,0.1318367731896025,0.15624130915073917,0.11148595082548368
Random Survival Forest (Tuned),134,0.6675052675081479,0.09521648484207632,0.13586935699359629,0.15966615745511584,0.11342125499521095
Random Survival Forest (Tuned),135,0.6777371857634319,0.0929912249198234,0.13225208009734268,0.157830748759011,0.11125316237575796
Random Survival Forest (Tuned),136,0.6705558773647355,0.09273571602469703,0.12909792126059708,0.15470015348452826,0.10915027419503687
Random Survival Forest (Tuned),137,0.6853728354876084,0.0947243743880396,0.1333843635353981,0.1570913407433728,0.11280259789997149
Random Survival Forest (Tuned),138,0.6810220640554625,0.0930011141662703,0.13148945809816182,0.1543166191975957,0.11044168989055678
Random Survival Forest (Tuned),139,0.6818398252178169,0.09390775405348002,0.13224118656150619,0.15681943795499184,0.11132892579722908
Random Survival Forest (Tuned),140,0.6619817778884094,0.09395872184369786,0.13340554037195257,0.15698890810178737,0.11125818383536071
Random Survival Forest (Tuned),141,0.6692291928762842,0.09411782710360671,0.13173881042154148,0.15925889738304083,0.1118112193138406
Random Survival Forest (Tuned),142,0.6779552298004673,0.09415040746823365,0.1348718289041269,0.15722985435610745,0.11279721959651327
Random Survival Forest (Tuned),143,0.6661207658021953,0.09489569697169012,0.13408254791943885,0.1589365187425508,0.11263484389643995
Random Survival Forest (Tuned),144,0.6698537854948056,0.09207474260906821,0.13266129097295892,0.1592983663262322,0.11094297510825818
Random Survival Forest (Tuned),145,0.6804199062229761,0.09288157221512759,0.13185573264638942,0.15529821447441092,0.11070936139607489
Random Survival Forest (Tuned),146,0.6699255519358795,0.09441948434147286,0.1345424529038667,0.15775617217550642,0.11248029069386808
Random Survival Forest (Tuned),147,0.6705548522755203,0.09355180765802955,0.1358020677023952,0.15861601388499694,0.11237377331333184
Random Survival Forest (Tuned),148,0.6700674224780298,0.09581984674845703,0.1314353685831099,0.15741457273838175,0.11187151343608912
Random Survival Forest (Tuned),149,0.6754735967232766,0.09455414003676257,0.1363943658739498,0.1618719230701884,0.11392425777218172
Random Survival Forest (Tuned),150,0.6640447974323473,0.09510047839817368,0.1351003859511167,0.15873040519978932,0.11329137925358147
Random Survival Forest (Tuned),151,0.6752380984793028,0.09197225245637773,0.13037126039427327,0.15344483251375815,0.1089818492520351
Random Survival Forest (Tuned),152,0.6780582792818689,0.09571153377187801,0.13272333394315178,0.1574062039400519,0.11203598983652627
Random Survival Forest (Tuned),153,0.6652489050661871,0.09546501193849467,0.13578072818480266,0.16085978992969113,0.11322335853917823
Random Survival Forest (Tuned),154,0.6710956082465713,0.09343705221479519,0.13117196655744684,0.1565097604506165,0.11097265404343455
Random Survival Forest (Tuned),155,0.6740287432942168,0.09680259897398949,0.1341001792237063,0.15991571873581875,0.11433088183831845
Random Survival Forest (Tuned),156,0.6849921017988556,0.09590611242133112,0.133550584683066,0.15792212529894314,0.11342984606321227
Random Survival Forest (Tuned),157,0.6774344121908072,0.09727042786561586,0.13519598228599852,0.1591844844806239,0.11411205479361423
Random Survival Forest (Tuned),158,0.6771537176410435,0.09683525047960691,0.13553114238021438,0.15731297317544568,0.11373416913186535
Random Survival Forest (Tuned),159,0.6721272266193902,0.09559663424126558,0.1350768858131257,0.16018555170691673,0.11325318442300499
Random Survival Forest (Tuned),160,0.6756484443629436,0.10150460876310408,0.13935562188724385,0.16290424158538977,0.11768116368349929
Random Survival Forest (Tuned),161,0.6527362137231777,0.09331778287058567,0.13446375497617402,0.16029495710613162,0.1121289299205849
Random Survival Forest (Tuned),162,0.6792174823381308,0.09358499299635353,0.13102391713920183,0.15745351526914056,0.11163863617145683
Random Survival Forest (Tuned),163,0.6684420102082796,0.09222949973811174,0.12904062003497555,0.15189284163439362,0.10830812836485847
Random Survival Forest (Tuned),164,0.6750393441899197,0.09646583745647883,0.13293988988084943,0.15918982559712744,0.11302138030843095
Random Survival Forest (Tuned),165,0.6739653535082822,0.0935958105758525,0.13127283650421856,0.1574531610078928,0.11098726642056223
Random Survival Forest (Tuned),166,0.6676663244408539,0.09301490137151817,0.13336272166689553,0.15760148368481286,0.11158681047442491
Random Survival Forest (Tuned),167,0.677830134121638,0.09545378755283294,0.13369432029927816,0.15777632686465395,0.1125432043895194
Random Survival Forest (Tuned),168,0.6799062170247305,0.09467768251755072,0.13229201931994278,0.15705825831083087,0.11149715478217179
Random Survival Forest (Tuned),169,0.6604374322572418,0.0936596508847014,0.13207221772236444,0.15833032557307056,0.11136793391908079
Random Survival Forest (Tuned),170,0.6858222850513459,0.09538012458229143,0.13306809606491274,0.15728102861958076,0.11201788205781893
Random Survival Forest (Tuned),171,0.6695714295880991,0.09524624622251836,0.1314484243835149,0.1579856522727631,0.11157340202172211
Random Survival Forest (Tuned),172,0.6743372660795002,0.09183250698725143,0.13008353664157069,0.15484619061626423,0.1090931260913057
Random Survival Forest (Tuned),173,0.6669606837236396,0.09137273955430626,0.13084649603254056,0.1550857005793795,0.1097647988357249
Random Survival Forest (Tuned),174,0.6778106218981416,0.09998515035945256,0.1343727038972463,0.15839070409674882,0.113988083209827
Random Survival Forest (Tuned),175,0.6699139624844161,0.09345647268522006,0.13042217790505295,0.15443660120586514,0.10963122470563652
Random Survival Forest (Tuned),176,0.6667271000551185,0.09299120713094985,0.13401130099302958,0.15931087387001538,0.11164275417367395
Random Survival Forest (Tuned),177,0.6645633615603388,0.09539895978690094,0.13469645804325564,0.15943236966247049,0.11241925978047745
Random Survival Forest (Tuned),178,0.6762510909904434,0.09623572540277954,0.1339391030998571,0.15885155844238524,0.1127080764125274
Random Survival Forest (Tuned),179,0.6761863806116648,0.09594544593033515,0.13179539881007793,0.1559956818566212,0.11124197421722667
Random Survival Forest (Tuned),180,0.6679039277757434,0.0976884925438342,0.1358492779705533,0.1596076145033842,0.11455485397169653
Random Survival Forest (Tuned),181,0.6711776540050792,0.09631338508729392,0.13459502255371747,0.15956706455552946,0.1136829126926512
Random Survival Forest (Tuned),182,0.6676114319154715,0.09724285194305805,0.13673505817410342,0.16144600158993372,0.11493030359826978
Random Survival Forest (Tuned),183,0.6772507150259407,0.09354740656195776,0.13399423301714564,0.15796616188548937,0.11228452597215283
Random Survival Forest (Tuned),184,0.6711885350561241,0.0972097134905584,0.1358446993531646,0.1601367808129858,0.1141422939290018
Random Survival Forest (Tuned),185,0.6648140073346052,0.09319288349312825,0.13324496911151126,0.15831480870219708,0.1108327882794422
Random Survival Forest (Tuned),186,0.6725310485283154,0.10064974262761744,0.13704989104378507,0.16245693247871784,0.1157821486908942
Random Survival Forest (Tuned),187,0.6829387573230654,0.09619092624808473,0.13280095445818071,0.15718385621059744,0.11212731839743055
Random Survival Forest (Tuned),188,0.682757118879373,0.09333985170481203,0.13106338297206113,0.15590768676026362,0.11096900954685361
Random Survival Forest (Tuned),189,0.6799108761910466,0.09240137916198284,0.12860910270254608,0.1533497262244073,0.10846103541594425
Random Survival Forest (Tuned),190,0.6662420512914661,0.09806564709996973,0.13920407639802043,0.1630452578154166,0.11654462226396001
Random Survival Forest (Tuned),191,0.6814236282002573,0.09632960574257347,0.13459205356186518,0.15699712164742163,0.11318201032556492
Random Survival Forest (Tuned),192,0.6737992606399187,0.09377584279457506,0.13288915517474187,0.1553193012007468,0.1115844060738996
Random Survival Forest (Tuned),193,0.6639172849233641,0.0941322004745567,0.13339934278283266,0.15818752223529453,0.11179613843277686
Random Survival Forest (Tuned),194,0.6668479675120094,0.093566286962193,0.13224900508543638,0.15740671714481558,0.1102359079690832
Random Survival Forest (Tuned),195,0.663433748204317,0.09691896105338978,0.13639704305722186,0.16181802068624931,0.11466737929959321
Random Survival Forest (Tuned),196,0.6772297705804567,0.09173309854603054,0.1283427052249334,0.15187569827382116,0.1083910744491725
Random Survival Forest (Tuned),197,0.6667666065056134,0.09637019819001111,0.1363375447076849,0.16093078590620674,0.11410493343935804
Random Survival Forest (Tuned),198,0.6674708454311481,0.0933408253086894,0.1342038849843317,0.15810424212425403,0.11168731929743579
Random Survival Forest (Tuned),199,0.6665762672088845,0.0970317542067475,0.13604192818390345,0.16003608643076614,0.1139351330639469
Random Survival Forest (Tuned),200,0.6675495759711562,0.09638939129385665,0.1357218009713154,0.16085820168522924,0.1134176387397409
Neural-MTLR (Tuned),1,0.644138542684443,0.1010576783324658,0.14037806951692985,0.1667207489716682,0.11882601131745332
Neural-MTLR (Tuned),2,0.6404624364994512,0.09634050158223274,0.13941749478746812,0.1658249119098224,0.11727342481938505
Neural-MTLR (Tuned),3,0.6375761888953502,0.10038358824168002,0.1423231238212599,0.16752258434864148,0.1196960036779028
Neural-MTLR (Tuned),4,0.6501582158461267,0.0996953604478692,0.13819398667751456,0.16171118420149233,0.1166004384363083
Neural-MTLR (Tuned),5,0.6445821914299189,0.09840599799324015,0.13681095446974537,0.16233123631609878,0.11568796952875417
Neural-MTLR (Tuned),6,0.6495293382524417,0.09476506735537485,0.1355874423369223,0.15818443319838468,0.11339792057304365
Neural-MTLR (Tuned),7,0.6430261133196219,0.09856944095619273,0.14027019742568508,0.1683580122192021,0.11832805798532404
Neural-MTLR (Tuned),8,0.6495442272301972,0.09695187160442642,0.1355863092393319,0.16017138614110898,0.1137228125580042
Neural-MTLR (Tuned),9,0.6446628850576485,0.09366956274661749,0.1337704883047374,0.15843814048018057,0.1121634928805873
Neural-MTLR (Tuned),10,0.6378978436676355,0.0935797265671891,0.13417705195995833,0.16144758724626768,0.11338689936237273
Neural-MTLR (Tuned),11,0.6361259862881631,0.09246625076868253,0.13456866559019,0.16244926305671678,0.11278130109221232
Neural-MTLR (Tuned),12,0.642484507262447,0.09970798935954348,0.1409178070199718,0.1656881612954943,0.11791099760374092
Neural-MTLR (Tuned),13,0.6353589597656036,0.09631170374863453,0.13630927320219366,0.16204561852599722,0.11423030589557776
Neural-MTLR (Tuned),14,0.6485955042424939,0.09605966119798397,0.13553940524950295,0.1633321136350991,0.11494938663201343
Neural-MTLR (Tuned),15,0.6351527795540115,0.09847507834575883,0.13834058468399918,0.16226247977251299,0.11678293640363614
Neural-MTLR (Tuned),16,0.6488650784089312,0.10045355519784849,0.14102667613339107,0.16697885143001356,0.11881444832339937
Neural-MTLR (Tuned),17,0.6591827663555266,0.09821670889145301,0.133845278991829,0.15923152535469637,0.11378875057344669
Neural-MTLR (Tuned),18,0.645968077598173,0.09902475020176915,0.13741981848020582,0.16404924916188976,0.11636532928649017
Neural-MTLR (Tuned),19,0.6467687557250896,0.09531964030032289,0.13327701893808694,0.15845496068707968,0.11259669666784125
Neural-MTLR (Tuned),20,0.647080161899171,0.09809050755362192,0.13746299131973758,0.1640345962004531,0.11669720303468545
Neural-MTLR (Tuned),21,0.6451907040819912,0.09469628299139225,0.13122283903816856,0.15736787899704688,0.11109531326046042
Neural-MTLR (Tuned),22,0.6440308316126414,0.09455091724358522,0.13529442860153673,0.16082041123334379,0.11334617084438987
Neural-MTLR (Tuned),23,0.6478037957043544,0.09730841006211592,0.13572639521203236,0.16397817252223953,0.11523095411444823
Neural-MTLR (Tuned),24,0.6485868762675109,0.09341142256935545,0.1365988538229878,0.16161194160391168,0.11370718626387892
Neural-MTLR (Tuned),25,0.6393530938867714,0.09815650764837851,0.13868897562812427,0.16436368998024353,0.11699014407618903
Neural-MTLR (Tuned),26,0.645443166372209,0.09429033721995801,0.131125346913055,0.15743364086003334,0.11207034900548991
Neural-MTLR (Tuned),27,0.6534217929164549,0.09661804911605346,0.13332263083164364,0.1588657604553964,0.11330554950509243
Neural-MTLR (Tuned),28,0.6513468796867157,0.09761425643036616,0.13600349416980578,0.16059735113008727,0.11486283991974176
Neural-MTLR (Tuned),29,0.6451725656951753,0.09928421004560323,0.13647659956871935,0.16269540464832066,0.11633242546458686
Neural-MTLR (Tuned),30,0.6465033747032637,0.0956547389551833,0.13400261156391105,0.15719770082882453,0.1123920281089087
Neural-MTLR (Tuned),31,0.6478851429487188,0.09802790193948321,0.13648484685584597,0.16030724981589276,0.11471323490949135
Neural-MTLR (Tuned),32,0.6441771100910068,0.09911190051977303,0.13841040864038703,0.16227316611782358,0.11671376441169058
Neural-MTLR (Tuned),33,0.6530106459392422,0.09660249798366373,0.13818524396991752,0.1640869101607209,0.11643393721269854
Neural-MTLR (Tuned),34,0.6497791781797497,0.09211583726437501,0.13166450050415948,0.1574646404869444,0.11055302628340317
Neural-MTLR (Tuned),35,0.6508014084959407,0.0982827472549839,0.13560132110175185,0.16148837849821734,0.11549915765288574
Neural-MTLR (Tuned),36,0.645363140559829,0.1026166200446324,0.13999634461971355,0.1645830307947723,0.11871460596973589
Neural-MTLR (Tuned),37,0.6372391264200358,0.09720888680361021,0.1382069047797297,0.16321496411225453,0.11577857779176304
Neural-MTLR (Tuned),38,0.632284704145193,0.09519762169174273,0.13524739109693235,0.161309305692725,0.1133913937425468
Neural-MTLR (Tuned),39,0.642641085958708,0.09793664129484671,0.14047902180175148,0.16549221376216552,0.1177218426670912
Neural-MTLR (Tuned),40,0.6492923925105151,0.09498812264574755,0.13379762369570514,0.15931224816691913,0.11276540061169275
Neural-MTLR (Tuned),41,0.6476519581642833,0.09220473763549823,0.13417914314179746,0.1580051774183916,0.11188858491372368
Neural-MTLR (Tuned),42,0.6433796751955132,0.09732461089194429,0.1376641385290241,0.16328564275696822,0.11564601337475282
Neural-MTLR (Tuned),43,0.6452869956933865,0.10007729559123059,0.13989610683140744,0.16575577573815972,0.11791158833615797
Neural-MTLR (Tuned),44,0.6423369301904617,0.09652124342931552,0.13803513111634919,0.16413027098214125,0.11583976513889119
Neural-MTLR (Tuned),45,0.6509965337385186,0.0940321979973669,0.13206281837457431,0.15836083953098387,0.11155494840907423
Neural-MTLR (Tuned),46,0.6443966828875825,0.09638668930556524,0.13798834664385642,0.164076068269219,0.11601530696465076
Neural-MTLR (Tuned),47,0.6494059242532134,0.09818592184773596,0.1377079580210224,0.16165786828430728,0.11627027865907474
Neural-MTLR (Tuned),48,0.6433554829582352,0.09728649919090732,0.13802943033799914,0.16523384211780423,0.116517017989682
Neural-MTLR (Tuned),49,0.6460249415784157,0.1006735112983676,0.1397306112076267,0.16578899484639276,0.11851507399564845
Neural-MTLR (Tuned),50,0.6499158223981235,0.09699018248632994,0.1336366338056615,0.1587616383168298,0.11370373106174912
Neural-MTLR (Tuned),51,0.645195729333957,0.09466760011779622,0.13547368526687995,0.16116628326122923,0.11399017631392382
Neural-MTLR (Tuned),52,0.6406972576258563,0.0985434799548983,0.1396584373583783,0.16155278869037723,0.11677904439966916
Neural-MTLR (Tuned),53,0.6356158749533147,0.09874322910311578,0.14025085664590012,0.16517429221691868,0.1169157430110513
Neural-MTLR (Tuned),54,0.6478730742433146,0.09453890682182202,0.13164161419730377,0.15868181701884942,0.11159116427168314
Neural-MTLR (Tuned),55,0.6412390272538909,0.09875646993208972,0.13708500971097454,0.16397870014593183,0.11618594661737103
Neural-MTLR (Tuned),56,0.6441496051322653,0.09986797187239702,0.14059932059745545,0.1662074556074853,0.1188318418201031
Neural-MTLR (Tuned),57,0.6388637447200733,0.09702673180941632,0.13538279425639752,0.15951304237043196,0.11434730057024554
Neural-MTLR (Tuned),58,0.648202587209252,0.09905597550216234,0.13865573158098815,0.16411292528293941,0.11708876737166087
Neural-MTLR (Tuned),59,0.6348019559767284,0.09769819546427658,0.1399732127799225,0.16500076384456805,0.11645258961455947
Neural-MTLR (Tuned),60,0.6332587706830787,0.09751396569629031,0.1383062839912437,0.16315715487580226,0.1159145065720789
Neural-MTLR (Tuned),61,0.647330336014285,0.09563189831049787,0.13448191254582645,0.1615621995409392,0.11438021326859277
Neural-MTLR (Tuned),62,0.6375632178763414,0.09740330485313614,0.13700359225052447,0.1642616195054963,0.11612765828771016
Neural-MTLR (Tuned),63,0.6488943287528376,0.09859717593124519,0.13988639963206517,0.16596549864134644,0.11827983353267989
Neural-MTLR (Tuned),64,0.6471224883604835,0.10108121105985411,0.14190566357801832,0.1672441987546838,0.11976503215967306
Neural-MTLR (Tuned),65,0.6441475018019159,0.09933849297901653,0.13817274595647028,0.16269668652682315,0.11734229332446525
Neural-MTLR (Tuned),66,0.6513649816037707,0.09705862828976164,0.13426148081018638,0.1610253375173739,0.11460201838323855
Neural-MTLR (Tuned),67,0.6420621631848391,0.09474640719979288,0.13291494348460398,0.15969379984993606,0.11288875337594571
Neural-MTLR (Tuned),68,0.6477986284533445,0.09696803572247956,0.13487554320545941,0.16057172299913358,0.11441356915858171
Neural-MTLR (Tuned),69,0.6480292906597658,0.10190260981097356,0.14305973562507077,0.16900965255194342,0.12015392347839955
Neural-MTLR (Tuned),70,0.6511811655306978,0.09728072275270834,0.13756220766853355,0.16143621998787058,0.11543993269336324
Neural-MTLR (Tuned),71,0.6484046246644252,0.09664484786520221,0.13838307973970299,0.16344717700592848,0.11570892436536627
Neural-MTLR (Tuned),72,0.6419858437142917,0.09644811095387623,0.1383747122396898,0.16369361605189092,0.11607058960477835
Neural-MTLR (Tuned),73,0.6447075384253309,0.09808448832848977,0.1379769887364125,0.16133088734082943,0.11624226976703345
Neural-MTLR (Tuned),74,0.6519259585029076,0.09680368720198058,0.13567461193734362,0.1615632771966441,0.11464587762914268
Neural-MTLR (Tuned),75,0.6431620164290812,0.09437596940734778,0.13686517838152848,0.16249201758707502,0.11387527959741443
Neural-MTLR (Tuned),76,0.6351238555641536,0.09560973570346075,0.13595564497011778,0.161942926302574,0.11408743092473347
Neural-MTLR (Tuned),77,0.6433419395802426,0.09653995655505186,0.1367763747459342,0.16242448690819683,0.1149839138952914
Neural-MTLR (Tuned),78,0.6470570814614219,0.09391133080361505,0.13052382646198732,0.15733230937516796,0.1112714986495346
Neural-MTLR (Tuned),79,0.6500038343770481,0.09593568660159685,0.13392209251289244,0.15883735130992155,0.11371549062018893
Neural-MTLR (Tuned),80,0.6441792261780254,0.10124302688438021,0.13677370406939737,0.1614373954828894,0.1167875148618031
Neural-MTLR (Tuned),81,0.6492465781589555,0.10130583062380018,0.13782008538642337,0.16432237797275112,0.1181920618905824
Neural-MTLR (Tuned),82,0.6453896558094956,0.09857963475445408,0.13420575592514267,0.159258626366996,0.11416345779136136
Neural-MTLR (Tuned),83,0.6461440020594813,0.09750858642242714,0.13894304090063433,0.16530265751893505,0.116710127874496
Neural-MTLR (Tuned),84,0.6491010824814093,0.1010274531639861,0.1379963717227811,0.16208697867839472,0.11674506364474141
Neural-MTLR (Tuned),85,0.6513819517298087,0.09717630111516218,0.1342658142784704,0.16170734372783657,0.11449904325911195
Neural-MTLR (Tuned),86,0.6394954350800494,0.09082781211124824,0.13167857426732055,0.15809433847574886,0.11092260928460712
Neural-MTLR (Tuned),87,0.640657030182968,0.09934978154945157,0.13982704726726927,0.16459816441114064,0.11786889212696451
Neural-MTLR (Tuned),88,0.6455778398803559,0.09286475351599267,0.13450652660013648,0.16007700970709737,0.11258725628093175
Neural-MTLR (Tuned),89,0.645424357170565,0.0970660995109176,0.13855019531666785,0.1652378504296908,0.1159661361845768
Neural-MTLR (Tuned),90,0.6588716962126602,0.09755081662619201,0.13458005700813128,0.15852973862406966,0.11408897145926247
Neural-MTLR (Tuned),91,0.6487040606199704,0.09568910559383735,0.1347875649997923,0.1591326977884501,0.11287327462622226
Neural-MTLR (Tuned),92,0.643937145366707,0.09875934925433136,0.1380786089607544,0.16106072492936666,0.11610874490719794
Neural-MTLR (Tuned),93,0.6481572365836853,0.09736950676178652,0.1353979119927595,0.16006352367538554,0.11435129357701483
Neural-MTLR (Tuned),94,0.6516762106808744,0.09271361524639618,0.13645360781222646,0.160810677749069,0.11437301507376027
Neural-MTLR (Tuned),95,0.6502570573320426,0.0955086458512852,0.13853038670587722,0.1647594678824641,0.11630340635257543
Neural-MTLR (Tuned),96,0.6483111444421163,0.09918247772388296,0.13902054314929427,0.16176718344676508,0.1170554072864848
Neural-MTLR (Tuned),97,0.6360406959887437,0.09571458497504078,0.13436746350408724,0.16070294447856692,0.11365407470732566
Neural-MTLR (Tuned),98,0.6464152651813524,0.0990957143177742,0.1392762750119524,0.1651043170043049,0.11726974876339477
Neural-MTLR (Tuned),99,0.6444093299055775,0.09916968368052628,0.13561293974763694,0.16144805590125083,0.11535361932557514
Neural-MTLR (Tuned),100,0.6470017095574373,0.09572707169433484,0.1365931227758026,0.15864269330259942,0.11398938388070529
Neural-MTLR (Tuned),101,0.640297605538888,0.09770057993141036,0.1369548651702177,0.16415633866267768,0.11528298193911203
Neural-MTLR (Tuned),102,0.6437716984796511,0.09240228223442866,0.13215886929038237,0.1598377385104519,0.11110231462114988
Neural-MTLR (Tuned),103,0.6472351980135613,0.09778889302124008,0.13853441607946507,0.1650274620884442,0.11711242006713476
Neural-MTLR (Tuned),104,0.6595039061827866,0.1020255977682544,0.14002961113714282,0.16251721183018455,0.11883963956959433
Neural-MTLR (Tuned),105,0.6485607757951769,0.09448536864733946,0.134150513233326,0.1580969477474535,0.11278015505536033
Neural-MTLR (Tuned),106,0.652003067811686,0.09500190991681857,0.13594687663701,0.16027748282132764,0.11430211139597327
Neural-MTLR (Tuned),107,0.6540829891453768,0.10180876594255571,0.13846740670296628,0.16376462412662954,0.11811735442368505
Neural-MTLR (Tuned),108,0.6476053210417004,0.0949846000947523,0.13225001779254522,0.15930680822079735,0.1126464403693322
Neural-MTLR (Tuned),109,0.6424860938305249,0.09429311796335202,0.13529791712140393,0.16192386409396353,0.11369553718109529
Neural-MTLR (Tuned),110,0.6454656802317796,0.09688152047641704,0.13842915656318583,0.16253576587943727,0.1156450795047649
Neural-MTLR (Tuned),111,0.6572182322874575,0.09649255172628414,0.13488306857760224,0.1606285929189197,0.1143021072295929
Neural-MTLR (Tuned),112,0.6502765070274265,0.09110728161755913,0.13087423098216755,0.15908011494194016,0.11102610873350706
Neural-MTLR (Tuned),113,0.6397354977436347,0.093943309803517,0.13254986878365727,0.16043185882206354,0.11248125501597778
Neural-MTLR (Tuned),114,0.6500413841990729,0.09724284629040102,0.1398044592911001,0.16429160547991128,0.11694827422853837
Neural-MTLR (Tuned),115,0.6441318295825987,0.09948290559894292,0.13848104124910815,0.16485102555259415,0.11725552360571825
Neural-MTLR (Tuned),116,0.6461169501796512,0.0937716118491928,0.134497449541708,0.16089694125843734,0.11299382656504325
Neural-MTLR (Tuned),117,0.6394074881472023,0.09378215301870883,0.13566163008365867,0.15863585470330158,0.112772373616641
Neural-MTLR (Tuned),118,0.6376903627256937,0.09607679125704872,0.13783860956719526,0.16230029835777315,0.11611133765724566
Neural-MTLR (Tuned),119,0.6547309576036026,0.0981923890650229,0.13397526573023819,0.16125623867625297,0.11518373702403518
Neural-MTLR (Tuned),120,0.6500645019081391,0.10005838177065818,0.13899458586264246,0.16346321056278967,0.11760553212488406
Neural-MTLR (Tuned),121,0.642632819970034,0.09541465456563031,0.1301764403536789,0.15795822051446898,0.111751554217757
Neural-MTLR (Tuned),122,0.6402171538955913,0.09787025464384326,0.13990868227772912,0.16673347717393291,0.11782599859897741
Neural-MTLR (Tuned),123,0.6427856124948202,0.09685301471162391,0.13380751558885734,0.1593533963451675,0.1137958608143106
Neural-MTLR (Tuned),124,0.6479482522148496,0.09866832140080038,0.13745879625101368,0.1593964554041902,0.11499902230821255
Neural-MTLR (Tuned),125,0.6463388468197093,0.09812699824739025,0.1339844947274765,0.15977848039437464,0.11445513518029961
Neural-MTLR (Tuned),126,0.6526784828640801,0.0991076248578884,0.13712861591901232,0.16140438674484472,0.11640499135920537
Neural-MTLR (Tuned),127,0.6393416161477019,0.09790655823365096,0.13760828213915316,0.16699907939359318,0.11737104216913938
Neural-MTLR (Tuned),128,0.6518904356783104,0.09793294917578332,0.1385085302254417,0.1619083005255364,0.11662470140891977
Neural-MTLR (Tuned),129,0.6445675123482377,0.0970514202842479,0.13616793084323608,0.16368416456507734,0.11591162989749526
Neural-MTLR (Tuned),130,0.6392714779761635,0.09547662681406892,0.13483826433737428,0.16024063864959714,0.1135786293092239
Neural-MTLR (Tuned),131,0.6409139296207139,0.09589863000301269,0.13393483736732956,0.15850155954437575,0.1129411756862482
Neural-MTLR (Tuned),132,0.6531188872848106,0.09411868433006333,0.1314176234934637,0.15626238922184066,0.11139606968244134
Neural-MTLR (Tuned),133,0.6469316541364469,0.09833323350461035,0.1377616182351756,0.16305426396922157,0.11606873602884392
Neural-MTLR (Tuned),134,0.647675995195933,0.09885141369715475,0.13845105956933254,0.16434173867457508,0.1162100007644474
Neural-MTLR (Tuned),135,0.6477162489800452,0.09631813407144335,0.13727267746459984,0.1612051738815735,0.11572975923893494
Neural-MTLR (Tuned),136,0.6461343953742121,0.098613529169353,0.13879119502904114,0.16164054297132252,0.11594226734122678
Neural-MTLR (Tuned),137,0.6424027309079556,0.10224126473923521,0.1423981209448646,0.1649274366565402,0.11886355837307021
Neural-MTLR (Tuned),138,0.6359209271938101,0.09704756399067827,0.1372673676377192,0.16296833195346463,0.11555518228398964
Neural-MTLR (Tuned),139,0.6476034329009913,0.09455117831749438,0.13217622441552535,0.1599116894077505,0.11212525207807944
Neural-MTLR (Tuned),140,0.6441860148808004,0.0982291614609082,0.13844681354210442,0.16489016624401776,0.11662239575407839
Neural-MTLR (Tuned),141,0.6438944002800921,0.0969860513079331,0.13727151027656023,0.16588806702064526,0.11621486863884813
Neural-MTLR (Tuned),142,0.6435975227158045,0.09978176980781876,0.14205209475929187,0.1666205668168852,0.11890165866224828
Neural-MTLR (Tuned),143,0.6424214117447437,0.097332666614851,0.1361088728949763,0.1613633132943382,0.11490846371063143
Neural-MTLR (Tuned),144,0.6340422708448457,0.09697591076758161,0.13836113683392384,0.16411635217480666,0.11556457557933954
Neural-MTLR (Tuned),145,0.645799064490017,0.09823570516055571,0.14000869478766567,0.16634623065366347,0.11800207529166926
Neural-MTLR (Tuned),146,0.6415462902654673,0.09988796436315658,0.14202918200279166,0.16710228653191503,0.11883883673090119
Neural-MTLR (Tuned),147,0.6431057136338146,0.0925789605298019,0.1310350823654077,0.1578440060560128,0.11168473883863884
Neural-MTLR (Tuned),148,0.6427135252733969,0.100332929697559,0.1381314284540733,0.16370839616042365,0.11745397744142759
Neural-MTLR (Tuned),149,0.6384418872663586,0.09539274058091171,0.13640616489045077,0.16320225540680808,0.11440439208530702
Neural-MTLR (Tuned),150,0.6468753885401792,0.09862049083152104,0.13790780136639524,0.16256770714553012,0.11608351551919906
Neural-MTLR (Tuned),151,0.645966074976862,0.09627857952690005,0.13453663238556848,0.16139614481202066,0.11403063626277084
Neural-MTLR (Tuned),152,0.6398061699946239,0.09924108128339872,0.13859657649284257,0.16624884286686034,0.11712647301078113
Neural-MTLR (Tuned),153,0.6527411394479673,0.09653133737858492,0.1327003934303937,0.16053796698243575,0.1133062730440978
Neural-MTLR (Tuned),154,0.6443401347869032,0.09623983876540178,0.13612590243886266,0.16037765553347183,0.11418567717512423
Neural-MTLR (Tuned),155,0.6485422746550276,0.09522705732615615,0.141047629929919,0.16616158605522025,0.11687722444999074
Neural-MTLR (Tuned),156,0.6449853296601292,0.09781473210201787,0.13789688451418083,0.16309029876675643,0.11644542276481623
Neural-MTLR (Tuned),157,0.6424145583162172,0.09643079837046765,0.13721303377936567,0.16144312553246798,0.1149925664268474
Neural-MTLR (Tuned),158,0.6424393498910898,0.10085797384427726,0.1414066410106761,0.1670044535585754,0.11945653028767428
Neural-MTLR (Tuned),159,0.6435940817596765,0.10017515146110209,0.13919704058836585,0.1638774713154571,0.117687697933468
Neural-MTLR (Tuned),160,0.636480884562461,0.09498775218425598,0.13715105618619133,0.16104393286376706,0.11465349430025741
Neural-MTLR (Tuned),161,0.6406964222535159,0.09893900380905915,0.13762878275843815,0.16202007481343667,0.11558865231202085
Neural-MTLR (Tuned),162,0.6403673799257649,0.09708311060614509,0.13575470856675587,0.16046232992707757,0.11445781128308755
Neural-MTLR (Tuned),163,0.655047304819671,0.09561172281988847,0.13161172557341563,0.15811680897442765,0.1122682427875336
Neural-MTLR (Tuned),164,0.6446254810650606,0.09497409435712643,0.1338743505648902,0.16004805938067143,0.11330207118593529
Neural-MTLR (Tuned),165,0.6426591331605483,0.09589758050986188,0.13419370626317784,0.16006340597133237,0.11380492572630294
Neural-MTLR (Tuned),166,0.6540650718440556,0.09848575530918106,0.1391311939840142,0.16350163775384627,0.11742685645540202
Neural-MTLR (Tuned),167,0.6478251414303687,0.0948801447842265,0.13565031784488948,0.16068883658095925,0.11366113933936983
Neural-MTLR (Tuned),168,0.6391610489772958,0.09568837480867172,0.13563249813895278,0.16368760955717274,0.11506449934835229
Neural-MTLR (Tuned),169,0.648249409145425,0.09606342302499209,0.13186368860549832,0.1587574606975128,0.11273295267923532
Neural-MTLR (Tuned),170,0.6502035890983164,0.09610003207568364,0.13361731945847927,0.15785355344122118,0.1128681979286121
Neural-MTLR (Tuned),171,0.6498867965337671,0.10242393576743093,0.13827715582658404,0.16038471646377472,0.1179085135253863
Neural-MTLR (Tuned),172,0.6560729441182553,0.09644513087457364,0.13075819590085358,0.1574736907034747,0.11252830129525349
Neural-MTLR (Tuned),173,0.6472442813507366,0.09646280927127532,0.13483599307291427,0.1612642530509199,0.11366792835012635
Neural-MTLR (Tuned),174,0.6421831735550115,0.09223060425796946,0.13415461693817757,0.16041918127726074,0.11213538385573937
Neural-MTLR (Tuned),175,0.6359673284692852,0.09565960319645804,0.13757612488729096,0.16328460313389725,0.11523373565734786
Neural-MTLR (Tuned),176,0.6503644136297405,0.09933309840310793,0.13493147850377007,0.16189421750128374,0.11569308486094218
Neural-MTLR (Tuned),177,0.6404939612935097,0.09461889727097408,0.13379069176365446,0.15897394210060037,0.11282637150370124
Neural-MTLR (Tuned),178,0.6434562732352037,0.09807771487113505,0.1399702702315423,0.16249267895928884,0.1168078416631316
Neural-MTLR (Tuned),179,0.6417993234436771,0.0973332992253466,0.1393177038920238,0.16296474058733912,0.11649814650367589
Neural-MTLR (Tuned),180,0.6377468115677468,0.09868606395663972,0.1367876395755592,0.15955997524710136,0.11527331337491763
Neural-MTLR (Tuned),181,0.6559953679073536,0.09449721976512102,0.13401612979459085,0.1592308139927367,0.11354439153700471
Neural-MTLR (Tuned),182,0.6396921441847749,0.09907818563835687,0.14107187121117817,0.16613621978431475,0.11853488496775032
Neural-MTLR (Tuned),183,0.6399268068692893,0.09511292689721025,0.13563724989821285,0.16091525816734534,0.11401781766116448
Neural-MTLR (Tuned),184,0.6427356345309003,0.09558339467043309,0.1355765034408785,0.1606357863280227,0.11380335053747966
Neural-MTLR (Tuned),185,0.6393168173790401,0.09656447301256317,0.13567592113968344,0.16149013528092823,0.1146165664243762
Neural-MTLR (Tuned),186,0.6480217770015363,0.09770627328894262,0.13829386168018504,0.1652683731831065,0.11670135601484846
Neural-MTLR (Tuned),187,0.6586393762077624,0.0985659179405917,0.1373562319983407,0.16063255012499805,0.11581605611903292
Neural-MTLR (Tuned),188,0.6444308416981757,0.09779981165714459,0.13688321217722443,0.16260318465392126,0.11571678052027864
Neural-MTLR (Tuned),189,0.6405464718687448,0.09784036312079142,0.13878726073779807,0.16411645226776597,0.11718935978562169
Neural-MTLR (Tuned),190,0.6518237790210826,0.10001104804673452,0.13824558466747333,0.16237172191690863,0.11648135888315313
Neural-MTLR (Tuned),191,0.6498941678375334,0.09978665432466209,0.13649002659278348,0.1623502481127235,0.11609962797339451
Neural-MTLR (Tuned),192,0.6436306092010287,0.0980823919176,0.13740670747291203,0.1645682900183865,0.11616404247106299
Neural-MTLR (Tuned),193,0.6456376831333812,0.09711474022151319,0.13202874794175778,0.15672571818167835,0.11234288628813432
Neural-MTLR (Tuned),194,0.6491916781306247,0.09678084625599856,0.13626332715829415,0.16128299270314664,0.11541629174407216
Neural-MTLR (Tuned),195,0.6345779380904402,0.09415949689860516,0.13625450402447084,0.16354491595462087,0.11471283372809536
Neural-MTLR (Tuned),196,0.646759844853191,0.09627744522309906,0.13937686031958066,0.16442794823555512,0.11706154344025817
Neural-MTLR (Tuned),197,0.6432890306262325,0.0970628245152973,0.13449829155491747,0.16032801956851703,0.1141851538018049
Neural-MTLR (Tuned),198,0.6389267961529466,0.09880442408883662,0.13975939434797813,0.16739256661156784,0.11818639165352475
Neural-MTLR (Tuned),199,0.6496574264093947,0.0937498542790279,0.13358809732606639,0.16068826480184034,0.11269898807448099
Neural-MTLR (Tuned),200,0.6495147980711875,0.09622649616883805,0.13178397184658341,0.15791853142026,0.11236614905415757
